seed,time,train_position,n1_quality,n2_quality,n3_quality,n1_latency,n2_latency,n3_latency,n1_loss,n2_loss,n3_loss,n1_load,n2_load,n3_load,n1_score,n2_score,n3_score,selected_link
1001,1,20,0.654519,0,0,20,35,50,1.74195,8.60091,7.87907,12,0,0,0.784337,0,0,1
1001,6,120,0.926907,0.0795074,0,20,35,50,0.775787,7.37937,8.01553,9,3,0,0.932515,0.30987,0,1
1001,11,220,0.975104,0.3467,0,20,35,50,0.497882,5.50247,8.35267,8,4,0,0.972101,0.46707,0,1
1001,16,320,0.666996,0.717471,0,20,35,50,2.98906,2.76649,7.64747,6,6,0,0.749178,0.670713,0,1
1001,21,420,0.46078,0.801671,0.0877413,20,35,50,4.4194,1.4798,7.264,5,5,2,0.640692,0.740529,0.26473,2
1001,26,520,0.275695,1,0.39121,20,35,50,5.35357,0,5.13789,3,6,3,0.543749,0.870862,0.42612,2
1001,31,620,0.0134732,0.829958,0.54883,20,35,50,7.63907,1.2565,2.3636,0,7,5,0,0.782992,0.564095,2
1001,36,720,0,0.650291,0.724354,20,35,50,9.18765,3.24302,2.64371,0,6,6,0,0.65006,0.611756,2
1001,41,820,0,0.215918,0.893002,20,35,50,8.83692,6.01569,1.43177,0,4,8,0,0.395835,0.724848,3
1001,46,920,0,0,0.793688,20,35,50,7.48696,8.32455,2.12197,0,0,12,0,0,0.666149,3
1001,51,1020,0,0,0.547244,20,35,50,7.75291,8.00719,3.98895,0,0,12,0,0,0.517791,3
1001,56,1120,0,0,0.325025,20,35,50,8.01845,7.60368,6.94051,0,0,12,0,0,0.372724,3
1002,1,20,0.644887,0,0,20,35,50,2.68256,7.44676,7.69414,12,0,0,0.772136,0,0,1
1002,6,120,0.759799,0.150233,0,20,35,50,1.03429,6.66257,9.06411,9,3,0,0.828771,0.351513,0,1
1002,11,220,1,0.436108,0,20,35,50,0,4.27923,7.13928,8,4,0,0.973043,0.526213,0,1
1002,16,320,0.705464,0.572496,0,20,35,50,1.62941,3.75843,8.38778,7,5,0,0.806314,0.607739,0,1
1002,21,420,0.571648,0.853229,0.245897,20,35,50,3.78281,1.15873,5.40808,5,5,2,0.703309,0.792241,0.357482,2
1002,26,520,0.189649,0.856224,0.291842,20,35,50,6.54931,1.51379,5.14974,3,6,3,0.477874,0.784124,0.384302,2
1002,31,620,0.101915,0.755814,0.680322,20,35,50,7.15892,1.45038,2.35644,3,5,4,0.42715,0.724037,0.616577,2
1002,36,720,0,0.46679,0.90399,20,35,50,8.18856,5.07039,0.520103,0,5,7,0,0.529491,0.743213,3
1002,41,820,0,0.277365,0.846164,20,35,50,8.09008,5.03253,0.855267,0,5,7,0,0.448609,0.712295,3
1002,46,920,0,0.0872611,0.725979,20,35,50,8.28709,7.68311,2.02901,0,4,8,0,0.321138,0.631546,3
1002,51,1020,0,0,0.619102,20,35,50,7.61556,8.17998,3.15986,0,0,12,0,0,0.573869,3
1002,56,1120,0,0,0.273155,20,35,50,7.78523,8.08593,4.80103,0,0,12,0,0,0.389295,3
1003,1,20,0.677157,0,0,20,35,50,2.01949,8.42345,8.05491,12,0,0,0.786849,0,0,1
1003,6,120,0.660197,0.1477,0,20,35,50,2.12818,6.61285,8.96508,8,4,0,0.772808,0.365482,0,1
1003,11,220,1,0.434341,0,20,35,50,0.69721,4.77486,8.35014,8,4,0,0.959847,0.512826,0,1
1003,16,320,0.784535,0.557851,0,20,35,50,1.63656,3.3058,8.00556,7,5,0,0.835576,0.595907,0,1
1003,21,420,0.49141,0.848037,0.113047,20,35,50,4.13317,1.72999,5.88311,5,5,2,0.678543,0.765885,0.289072,2
1003,26,520,0.28727,0.91661,0.308944,20,35,50,5.81969,0.441175,5.22605,4,6,2,0.552074,0.81211,0.393668,2
1003,31,620,0.110156,0.689144,0.582145,20,35,50,7.78727,2.81481,3.61114,3,5,4,0.425816,0.672902,0.550564,2
1003,36,720,0,0.457338,0.780106,20,35,50,9.32272,4.46113,1.79096,0,5,7,0,0.541335,0.676077,3
1003,41,820,0,0.248226,1,20,35,50,8.108,5.78353,0,0,4,8,0,0.415847,0.807657,3
1003,46,920,0,0.0462921,0.704425,20,35,50,7.50257,7.09669,2.15229,0,0,12,0,0,0.622931,3
1003,51,1020,0,0,0.589976,20,35,50,8.65806,7.71719,3.41289,0,0,12,0,0,0.559807,3
1003,56,1120,0,0,0.277141,20,35,50,7.11985,8.5424,5.65151,0,0,12,0,0,0.370678,3
1004,1,20,0.489069,0,0,20,35,50,3.47963,7.54419,8.65211,12,0,0,0.684873,0,0,1
1004,6,120,0.772037,0.184135,0,20,35,50,1.35574,6.42926,7.36492,9,3,0,0.844144,0.367492,0,1
1004,11,220,0.892482,0.267787,0,20,35,50,0.675267,6.16095,7.75675,8,4,0,0.907024,0.407745,0,1
1004,16,320,0.830209,0.624702,0,20,35,50,1.90839,3.63855,8.49548,7,5,0,0.861215,0.621647,0,1
1004,21,420,0.55159,0.768415,0.128294,20,35,50,4.10647,1.87594,6.40214,5,5,2,0.702183,0.73201,0.280262,2
1004,26,520,0.250373,0.991613,0.376606,20,35,50,5.76289,0,4.66785,3,6,3,0.522615,0.854501,0.439912,2
1004,31,620,0.0616523,0.708935,0.525164,20,35,50,7.18241,1.74412,3.93479,3,5,4,0.423304,0.702585,0.514621,2
1004,36,720,0,0.592265,0.909186,20,35,50,6.90368,2.97356,0.787936,0,5,7,0,0.617795,0.741901,3
1004,41,820,0,0.354003,0.894356,20,35,50,7.95576,4.83112,1.14039,0,5,7,0,0.486699,0.718305,3
1004,46,920,0,0.175924,0.720053,20,35,50,8.39044,6.91687,2.65114,0,4,8,0,0.363752,0.613693,3
1004,51,1020,0,0,0.561588,20,35,50,7.79865,8.46666,3.52188,0,0,12,0,0,0.531779,3
1004,56,1120,0,0,0.254324,20,35,50,7.70525,7.94984,5.11946,0,0,12,0,0,0.36781,3
1005,1,20,0.511203,0,0,20,35,50,4.45344,8.17248,8.01469,12,0,0,0.664562,0,0,1
1005,6,120,0.836287,0.144444,0,20,35,50,1.60426,5.92663,8.98151,9,3,0,0.864019,0.367359,0,1
1005,11,220,0.868426,0.345445,0,20,35,50,0.427254,5.20831,8.11601,8,4,0,0.91046,0.46789,0,1
1005,16,320,0.780104,0.55967,0,20,35,50,2.01058,3.42928,7.83123,7,5,0,0.832309,0.597519,0,1
1005,21,420,0.463126,0.917039,0.176735,20,35,50,4.9971,0.717639,6.82386,4,6,2,0.63405,0.799009,0.310654,2
1005,26,520,0.285711,0.994083,0.430322,20,35,50,5.53585,0.243995,5.22574,3,6,3,0.548137,0.869887,0.442468,2
1005,31,620,0.115124,0.719562,0.52256,20,35,50,6.58206,1.79426,4.06704,3,5,4,0.44738,0.714093,0.490859,2
1005,36,720,0,0.38127,0.818843,20,35,50,8.46754,5.78968,0.816808,0,5,7,0,0.475833,0.704243,3
1005,41,820,0,0.409991,0.951419,20,35,50,7.98914,4.57072,1.27918,0,5,7,0,0.516317,0.757848,3
1005,46,920,0,0,0.655474,20,35,50,8.44328,7.19718,2.13972,0,0,12,0,0,0.61577,3
1005,51,1020,0,0,0.431914,20,35,50,7.92122,8.24424,4.97342,0,0,12,0,0,0.449569,3
1005,56,1120,0,0,0.29595,20,35,50,8.03032,8.91966,5.46798,0,0,12,0,0,0.381243,3
1006,1,20,0.627318,0,0,20,35,50,2.73827,7.83758,9.04459,12,0,0,0.754546,0,0,1
1006,6,120,0.790097,0.0856761,0,20,35,50,1.79133,7.73079,7.63517,9,3,0,0.834021,0.303528,0,1
1006,11,220,0.935973,0.385356,0,20,35,50,1.21622,4.6069,7.76724,8,4,0,0.910556,0.494149,0,1
1006,16,320,0.598357,0.68191,0,20,35,50,3.1592,2.91847,7.88985,6,6,0,0.721211,0.675268,0,1
1006,21,420,0.544644,0.794495,0.127283,20,35,50,3.34752,1.57523,7.41582,5,5,2,0.703407,0.75013,0.255044,2
1006,26,520,0.280733,0.918981,0.31462,20,35,50,5.52765,0,6.64927,4,6,2,0.539477,0.832649,0.367347,2
1006,31,620,0.205802,0.742658,0.591979,20,35,50,6.29977,1.34909,3.23117,3,5,4,0.493938,0.728237,0.552735,2
1006,36,720,0,0.605083,0.907686,20,35,50,7.98326,2.93174,1.21159,0,5,7,0,0.624054,0.737578,3
1006,41,820,0,0.24984,0.977272,20,35,50,7.76712,6.07858,0.823777,0,4,8,0,0.410044,0.774381,3
1006,46,920,0,0.0629073,0.686804,20,35,50,7.99187,7.46515,3.47501,0,4,8,0,0.30387,0.594646,3
1006,51,1020,0,0,0.441292,20,35,50,7.95,8.7744,4.5597,0,0,12,0,0,0.465057,3
1006,56,1120,0,0,0.285459,20,35,50,8.23873,8.01123,6.34432,0,0,12,0,0,0.358796,3
1007,1,20,0.521496,0,0,20,35,50,3.74049,7.56132,8.08496,12,0,0,0.686646,0,0,1
1007,6,120,0.841194,0.0938857,0,20,35,50,0.879602,6.50686,8.17196,9,3,0,0.867953,0.339684,0,1
1007,11,220,0.960991,0.334051,0,20,35,50,0.185672,5.47573,8.07849,8,4,0,0.952489,0.456778,0,1
1007,16,320,0.731825,0.602037,0,20,35,50,2.33455,3.03254,7.29296,7,5,0,0.818408,0.635391,0,1
1007,21,420,0.534001,0.911291,0.122747,20,35,50,3.79974,0.375641,6.84507,5,5,2,0.697869,0.815225,0.27815,2
1007,26,520,0.261472,0.917783,0.339203,20,35,50,6.31437,0.592162,4.9227,3,6,3,0.519247,0.813961,0.408977,2
1007,31,620,0.0470472,0.805997,0.517098,20,35,50,7.96214,1.80275,3.47278,0,7,5,0,0.748471,0.525124,2
1007,36,720,0,0.53088,0.917462,20,35,50,7.74806,4.19533,0.0409554,0,5,7,0,0.561228,0.778185,3
1007,41,820,0,0.302817,0.923212,20,35,50,8.33886,5.49884,1.15539,0,4,8,0,0.450967,0.743498,3
1007,46,920,0,0.118747,0.664852,20,35,50,7.21334,6.51478,2.60944,0,4,8,0,0.352946,0.606679,3
1007,51,1020,0,0,0.639166,20,35,50,7.58831,8.07562,2.94614,0,0,12,0,0,0.589404,3
1007,56,1120,0,0,0.334515,20,35,50,7.69502,8.53707,5.05456,0,0,12,0,0,0.407164,3
1008,1,20,0.614501,0,0,20,35,50,3.29182,8.26196,8.31349,12,0,0,0.74438,0,0,1
1008,6,120,0.836876,0.0408358,0,20,35,50,0.0583982,8.04144,8.8079,12,0,0,0.887335,0,0,1
1008,11,220,0.960411,0.472987,0,20,35,50,0,4.54381,8.23396,8,4,0,0.94997,0.54763,0,1
1008,16,320,0.702446,0.557109,0,20,35,50,2.19322,3.10841,8.20883,7,5,0,0.795573,0.594853,0,1
1008,21,420,0.514801,0.834798,0.211555,20,35,50,3.76335,1.01944,6.68134,5,5,2,0.686814,0.769653,0.32797,2
1008,26,520,0.309239,0.88527,0.395287,20,35,50,5.6638,1.27434,4.96722,4,5,3,0.554335,0.790916,0.447761,2
1008,31,620,0.0131194,0.826234,0.623982,20,35,50,8.64388,2.12637,3.25385,0,7,5,0,0.732803,0.561254,2
1008,36,720,0,0.506571,0.801555,20,35,50,7.25892,4.41104,0.938394,0,5,7,0,0.547248,0.699422,3
1008,41,820,0,0.269867,0.846169,20,35,50,7.17289,5.28087,0.353126,0,4,8,0,0.4144,0.711531,3
1008,46,920,0,0.0999781,0.753487,20,35,50,8.01005,6.6955,1.86494,0,4,8,0,0.327337,0.658783,3
1008,51,1020,0,0,0.425618,20,35,50,7.75296,6.18238,5.52844,0,0,12,0,0,0.436263,3
1008,56,1120,0,0,0.329888,20,35,50,8.26105,8.49613,5.66505,0,0,12,0,0,0.387343,3
1009,1,20,0.579207,0,0,20,35,50,3.06631,8.01671,8.47393,12,0,0,0.721311,0,0,1
1009,6,120,0.783227,0.126916,0,20,35,50,1.15435,7.22861,7.8243,9,3,0,0.855776,0.330301,0,1
1009,11,220,1,0.32527,0,20,35,50,0,5.76549,7.69551,8,4,0,0.967755,0.437448,0,1
1009,16,320,0.745923,0.604989,0,20,35,50,1.7742,3.05066,8.29177,7,5,0,0.826096,0.631181,0,1
1009,21,420,0.395586,0.885872,0.134837,20,35,50,5.15413,0.993086,7.15552,4,6,2,0.592851,0.796625,0.284669,2
1009,26,520,0.314906,0.912668,0.337914,20,35,50,6.26059,1.41567,5.60163,4,6,2,0.540675,0.802456,0.397239,2
1009,31,620,0.0653715,0.729964,0.593212,20,35,50,7.82444,1.97668,3.40556,3,5,4,0.402003,0.695483,0.550495,2
1009,36,720,0,0.467136,0.792976,20,35,50,7.47909,4.39324,1.14943,0,5,7,0,0.548431,0.674291,3
1009,41,820,0,0.373051,1,20,35,50,6.97986,4.29419,0,0,5,7,0,0.504452,0.789442,3
1009,46,920,0,0,0.691272,20,35,50,8.30795,8.3802,1.79113,0,0,12,0,0,0.628156,3
1009,51,1020,0,0,0.5042,20,35,50,8.82306,9.12887,3.37535,0,0,12,0,0,0.518862,3
1009,56,1120,0,0,0.223711,20,35,50,7.61013,8.02276,6.4265,0,0,12,0,0,0.323662,3
1010,1,20,0.629441,0,0,20,35,50,3.49924,8.08629,8.3584,12,0,0,0.744752,0,0,1
1010,6,120,0.901886,0.161292,0,20,35,50,1.59314,6.54368,7.51371,9,3,0,0.905913,0.372801,0,1
1010,11,220,0.980961,0.297508,0,20,35,50,0,4.73072,8.28608,8,4,0,0.967772,0.471664,0,1
1010,16,320,0.742275,0.548226,0,20,35,50,1.18226,3.34552,7.09036,7,5,0,0.84655,0.60615,0,1
1010,21,420,0.506975,0.785938,0.147305,20,35,50,4.13289,1.6096,6.58054,5,5,2,0.675179,0.73664,0.305437,2
1010,26,520,0.191052,0.902654,0.325159,20,35,50,6.6484,0.631193,4.93633,3,6,3,0.476635,0.801594,0.403791,2
1010,31,620,0.0745356,0.753492,0.553737,20,35,50,7.57158,1.71891,3.12131,3,5,4,0.422811,0.711035,0.558157,2
1010,36,720,0,0.48526,0.870899,20,35,50,7.70174,4.07047,1.34611,0,5,7,0,0.558331,0.714678,3
1010,41,820,0,0.340791,0.903771,20,35,50,7.62478,5.64481,0.578,0,5,7,0,0.470104,0.746958,3
1010,46,920,0,0.0386874,0.85829,20,35,50,7.92866,8.25199,2.21173,0,0,12,0,0,0.693581,3
1010,51,1020,0,0,0.512067,20,35,50,8.59114,7.29553,3.74432,0,0,12,0,0,0.503072,3
1010,56,1120,0,0,0.38135,20,35,50,7.40698,7.28391,5.16751,0,0,12,0,0,0.435516,3
1011,1,20,0.596635,0,0,20,35,50,4.13541,8.86654,7.38787,12,0,0,0.710518,0,0,1
1011,6,120,0.850217,0.183029,0,20,35,50,1.01966,7.01084,9.09636,9,3,0,0.889968,0.378972,0,1
1011,11,220,0.972369,0.327224,0,20,35,50,0,5.18721,7.91961,8,4,0,0.962903,0.46321,0,1
1011,16,320,0.74519,0.585932,0,20,35,50,1.5321,3.7041,8.41007,7,5,0,0.823542,0.606119,0,1
1011,21,420,0.502559,0.923706,0.179462,20,35,50,3.8082,0.551609,6.72171,4,6,2,0.663211,0.831733,0.306964,2
1011,26,520,0.274474,0.949889,0.379192,20,35,50,5.66424,0,4.90589,3,6,3,0.532323,0.839943,0.420627,2
1011,31,620,0.0976786,0.706647,0.501681,20,35,50,7.18506,2.52504,2.54438,3,5,4,0.419103,0.692448,0.521713,2
1011,36,720,0,0.439759,0.830201,20,35,50,7.67628,4.05855,1.58112,0,5,7,0,0.525318,0.680023,3
1011,41,820,0,0.27552,0.887768,20,35,50,7.91736,6.08737,0.334982,0,4,8,0,0.42682,0.730978,3
1011,46,920,0,0.0347223,0.741067,20,35,50,8.26062,8.22741,2.47755,0,0,12,0,0,0.637352,3
1011,51,1020,0,0,0.607859,20,35,50,7.88051,8.09368,3.74324,0,0,12,0,0,0.552566,3
1011,56,1120,0,0,0.338467,20,35,50,7.63406,8.27688,5.23909,0,0,12,0,0,0.396,3
1012,1,20,0.571437,0,0,20,35,50,3.75261,7.73105,6.98514,12,0,0,0.703907,0,0,1
1012,6,120,0.855851,0.0472303,0,20,35,50,1.30969,7.73975,7.70078,12,0,0,0.876733,0,0,1
1012,11,220,0.990243,0.438703,0,20,35,50,0.522149,4.22685,8.43834,8,4,0,0.957648,0.535291,0,1
1012,16,320,0.695462,0.64325,0,20,35,50,2.73341,3.24935,8.56484,7,5,0,0.775902,0.645576,0,1
1012,21,420,0.56573,0.895645,0.189873,20,35,50,3.07937,1.60259,6.38314,5,5,2,0.719798,0.79183,0.306344,2
1012,26,520,0.408959,1,0.423904,20,35,50,4.37792,0,3.81853,4,5,3,0.634431,0.854038,0.473041,2
1012,31,620,0.0732852,0.732463,0.571597,20,35,50,6.92247,2.26364,2.86684,3,5,4,0.422014,0.699497,0.57011,2
1012,36,720,0,0.564977,0.847992,20,35,50,8.62523,2.29957,0,0,5,7,0,0.62028,0.734042,3
1012,41,820,0,0.325263,1,20,35,50,8.04061,5.26712,0,0,4,8,0,0.451279,0.805745,3
1012,46,920,0,0.0785117,0.730479,20,35,50,8.49467,7.07283,2.3137,0,4,8,0,0.315074,0.633431,3
1012,51,1020,0,0,0.483814,20,35,50,7.45675,8.13393,3.32291,0,0,12,0,0,0.509344,3
1012,56,1120,0,0,0.291903,20,35,50,8.15871,8.19725,5.40738,0,0,12,0,0,0.382464,3
1013,1,20,0.628713,0,0,20,35,50,3.23056,6.79328,7.81523,12,0,0,0.740059,0,0,1
1013,6,120,0.878474,0.22168,0,20,35,50,0.192674,6.63146,7.81067,9,3,0,0.912697,0.374164,0,1
1013,11,220,0.938095,0.432003,0,20,35,50,0.855019,4.51799,8.30147,8,4,0,0.923668,0.528417,0,1
1013,16,320,0.702398,0.580339,0,20,35,50,2.22647,2.20235,8.34728,7,5,0,0.796361,0.638016,0,1
1013,21,420,0.476868,0.700462,0.118749,20,35,50,4.10564,2.82303,7.15937,5,5,2,0.652796,0.679953,0.267826,2
1013,26,520,0.250706,0.943653,0.402586,20,35,50,5.6346,0.148727,5.88878,3,6,3,0.525221,0.831156,0.417253,2
1013,31,620,0.119911,0.84438,0.531065,20,35,50,7.19414,0.463876,3.98416,3,5,4,0.435908,0.785431,0.526087,2
1013,36,720,0,0.615251,0.782292,20,35,50,7.11067,3.19965,1.90925,0,6,6,0,0.626394,0.671095,3
1013,41,820,0,0.293817,1,20,35,50,8.15574,5.35036,0.355762,0,4,8,0,0.442903,0.797996,3
1013,46,920,0,0.0597782,0.777826,20,35,50,7.88819,7.28331,2.11982,0,4,8,0,0.300278,0.651621,3
1013,51,1020,0,0,0.417585,20,35,50,7.54854,7.59766,4.50264,0,0,12,0,0,0.444865,3
1013,56,1120,0,0,0.256326,20,35,50,8.48945,8.13219,6.2128,0,0,12,0,0,0.352963,3
1014,1,20,0.663207,0,0,20,35,50,2.75608,7.93981,8.35576,12,0,0,0.766447,0,0,1
1014,6,120,0.846937,0.128323,0,20,35,50,1.75109,7.52913,7.25999,9,3,0,0.883265,0.319711,0,1
1014,11,220,1,0.344843,0,20,35,50,0,5.22724,8.37042,8,4,0,0.980136,0.460974,0,1
1014,16,320,0.764552,0.696351,0,20,35,50,1.1565,3.1315,7.66601,7,5,0,0.83506,0.67891,0,1
1014,21,420,0.519909,0.761913,0.0555268,20,35,50,3.46357,1.59811,7.01036,5,5,2,0.698998,0.716561,0.243364,2
1014,26,520,0.307886,0.904435,0.44904,20,35,50,4.68912,0.687751,3.82561,4,5,3,0.571536,0.798368,0.48124,2
1014,31,620,0.0782513,0.744932,0.644912,20,35,50,6.32989,2.41348,2.75389,3,5,4,0.435472,0.701614,0.600779,2
1014,36,720,0,0.543912,0.891727,20,35,50,7.92875,2.77477,0.626997,0,5,7,0,0.620475,0.751037,3
1014,41,820,0,0.313364,0.919217,20,35,50,8.4287,5.7964,0,0,4,8,0,0.438219,0.766822,3
1014,46,920,0,0.135143,0.704782,20,35,50,7.65983,7.01949,1.44346,0,4,8,0,0.351871,0.627959,3
1014,51,1020,0,0,0.485004,20,35,50,7.63347,8.19031,3.84101,0,0,12,0,0,0.486571,3
1014,56,1120,0,0,0.270682,20,35,50,8.01186,7.90799,5.87377,0,0,12,0,0,0.363772,3
1015,1,20,0.494359,0,0,20,35,50,4.31786,8.51888,8.12053,12,0,0,0.655501,0,0,1
1015,6,120,0.827219,0.220467,0,20,35,50,2.00519,6.36055,8.08372,8,4,0,0.85543,0.392528,0,1
1015,11,220,0.974802,0.390167,0,20,35,50,0,4.60739,7.37105,8,4,0,0.958481,0.502775,0,1
1015,16,320,0.830224,0.646716,0,20,35,50,1.19766,2.15727,7.23995,7,5,0,0.862225,0.677875,0,1
1015,21,420,0.480171,0.728002,0.0901146,20,35,50,3.18272,2.10017,7.2543,5,5,2,0.681166,0.7002,0.260577,2
1015,26,520,0.306737,0.934874,0.486704,20,35,50,5.19612,0.278173,4.30557,3,6,3,0.556213,0.838656,0.498635,2
1015,31,620,0.12436,0.752085,0.63682,20,35,50,7.28622,1.68126,3.41982,3,5,4,0.438919,0.718038,0.568489,2
1015,36,720,0,0.548434,0.826768,20,35,50,7.96267,3.65716,1.9158,0,6,6,0,0.605262,0.680226,3
1015,41,820,0,0.304808,0.946354,20,35,50,7.72929,5.41598,0.839574,0,4,8,0,0.453945,0.76104,3
1015,46,920,0,0.11933,0.701373,20,35,50,8.54019,7.81216,2.09347,0,4,8,0,0.312865,0.621496,3
1015,51,1020,0,0,0.587898,20,35,50,7.72007,8.00472,3.40027,0,0,12,0,0,0.545457,3
1015,56,1120,0,0,0.323694,20,35,50,8.66039,8.63399,5.52172,0,0,12,0,0,0.396523,3
1016,1,20,0.689715,0,0,20,35,50,3.11336,7.82631,8.38735,12,0,0,0.766538,0,0,1
1016,6,120,0.817967,0.153355,0,20,35,50,1.81806,7.0172,7.96393,9,3,0,0.861706,0.34232,0,1
1016,11,220,1,0.410565,0,20,35,50,0.337494,4.37529,7.61735,8,4,0,0.979381,0.524988,0,1
1016,16,320,0.708879,0.614481,0,20,35,50,1.76381,3.41451,8.44148,7,5,0,0.812356,0.625729,0,1
1016,21,420,0.553034,0.906178,0.0548209,20,35,50,3.97103,1.55147,7.8576,5,6,1,0.687969,0.78914,0.227843,2
1016,26,520,0.305992,0.975537,0.35028,20,35,50,5.17,0.921361,5.67264,4,5,3,0.56773,0.82559,0.420832,2
1016,31,620,0.138518,0.736506,0.592516,20,35,50,7.18512,2.83444,3.08481,3,5,4,0.448236,0.686596,0.548607,2
1016,36,720,0,0.45653,0.809458,20,35,50,7.50764,4.97237,1.61927,0,5,7,0,0.533553,0.684936,3
1016,41,820,0,0.267372,1,20,35,50,8.25654,5.34262,0.305364,0,4,8,0,0.424735,0.790191,3
1016,46,920,0,0.136918,0.741746,20,35,50,8.48299,6.37212,1.80548,0,4,8,0,0.350797,0.643812,3
1016,51,1020,0,0,0.580207,20,35,50,7.70519,7.49946,3.84615,0,0,12,0,0,0.545448,3
1016,56,1120,0,0,0.321391,20,35,50,7.57964,7.97907,5.15867,0,0,12,0,0,0.403887,3
1017,1,20,0.578137,0,0,20,35,50,3.39585,8.34433,8.55923,12,0,0,0.72088,0,0,1
1017,6,120,0.778294,0.0962018,0,20,35,50,2.22788,7.33079,8.24248,9,3,0,0.829422,0.319499,0,1
1017,11,220,0.99855,0.423619,0,20,35,50,0,4.28821,7.96985,8,4,0,0.965423,0.544062,0,1
1017,16,320,0.654924,0.587431,0,20,35,50,2.90955,3.35965,8.04027,7,5,0,0.76703,0.615031,0,1
1017,21,420,0.410775,0.852113,0.173392,20,35,50,4.46596,1.92299,6.43076,4,6,2,0.621769,0.769795,0.306033,2
1017,26,520,0.291304,0.996204,0.390925,20,35,50,6.09709,0,4.9885,3,6,3,0.546833,0.859014,0.448496,2
1017,31,620,0.0471574,0.726997,0.632274,20,35,50,7.95776,2.66171,2.42563,0,6,6,0,0.678975,0.583053,2
1017,36,720,0,0.531417,0.811027,20,35,50,8.89361,4.34574,0.710998,0,5,7,0,0.572397,0.702873,3
1017,41,820,0,0.281822,0.938413,20,35,50,8.79902,5.10966,0.369741,0,4,8,0,0.44817,0.777713,3
1017,46,920,0,0.0119304,0.706306,20,35,50,8.27844,8.50966,1.9095,0,0,12,0,0,0.630118,3
1017,51,1020,0,0,0.598121,20,35,50,8.23283,8.19405,4.15428,0,0,12,0,0,0.549272,3
1017,56,1120,0,0,0.261325,20,35,50,7.99563,8.5416,5.76814,0,0,12,0,0,0.368987,3
1018,1,20,0.516795,0,0,20,35,50,3.40378,9.18621,7.20117,12,0,0,0.699611,0,0,1
1018,6,120,0.724394,0.113272,0,20,35,50,2.43588,6.55109,7.78498,9,3,0,0.795956,0.338304,0,1
1018,11,220,0.992112,0.367286,0,20,35,50,0,4.68456,7.6103,8,4,0,0.960856,0.486108,0,1
1018,16,320,0.713446,0.59621,0,20,35,50,1.68122,3.18924,8.711,7,5,0,0.80594,0.61629,0,1
1018,21,420,0.49286,0.74668,0.0973214,20,35,50,4.51878,2.27793,7.48584,5,5,2,0.665447,0.706349,0.251536,2
1018,26,520,0.253187,0.886912,0.45869,20,35,50,6.33426,0.862554,4.01849,3,6,3,0.510109,0.784695,0.479187,2
1018,31,620,0.0851169,0.645883,0.59203,20,35,50,6.80322,3.84371,2.01214,3,5,4,0.439042,0.637151,0.583526,2
1018,36,720,0,0.495621,0.806887,20,35,50,7.95688,3.92529,1.86398,0,5,7,0,0.551296,0.669703,3
1018,41,820,0,0.313006,0.902386,20,35,50,8.48467,5.49092,0.825013,0,5,7,0,0.467314,0.735362,3
1018,46,920,0,0.0324612,0.710855,20,35,50,8.76884,8.34826,2.43603,0,0,12,0,0,0.622369,3
1018,51,1020,0,0,0.439577,20,35,50,7.76491,8.28045,5.61771,0,0,12,0,0,0.441225,3
1018,56,1120,0,0,0.316978,20,35,50,7.91566,8.22905,6.10805,0,0,12,0,0,0.378283,3
1019,1,20,0.624768,0,0,20,35,50,2.85184,8.09973,8.09805,12,0,0,0.739294,0,0,1
1019,6,120,0.807553,0.0929004,0,20,35,50,1.2171,7.09458,7.75591,9,3,0,0.87718,0.317119,0,1
1019,11,220,0.926442,0.405946,0,20,35,50,0.471033,4.96673,7.85105,8,4,0,0.913716,0.506055,0,1
1019,16,320,0.701999,0.559729,0,20,35,50,2.19713,3.16366,8.07249,7,5,0,0.7897,0.614188,0,1
1019,21,420,0.466312,0.760753,0.173352,20,35,50,4.18396,1.91905,6.41601,5,5,2,0.652782,0.710165,0.30317,2
1019,26,520,0.372703,0.921305,0.384978,20,35,50,5.91444,1.22292,6.08086,4,6,2,0.573553,0.824319,0.407764,2
1019,31,620,0.12061,0.701633,0.619601,20,35,50,7.19735,2.0649,3.04297,3,5,4,0.44163,0.693936,0.568338,2
1019,36,720,0,0.549242,0.827413,20,35,50,7.81795,3.54833,1.00293,0,5,7,0,0.586027,0.710527,3
1019,41,820,0,0.235132,1,20,35,50,8.16028,5.71792,0.347677,0,4,8,0,0.415019,0.806933,3
1019,46,920,0,0.0592611,0.733441,20,35,50,8.41269,6.92458,2.58949,0,4,8,0,0.327558,0.632025,3
1019,51,1020,0,0,0.526612,20,35,50,7.92448,8.85927,3.53904,0,0,12,0,0,0.526408,3
1019,56,1120,0,0,0.323451,20,35,50,8.6118,8.47919,5.1027,0,0,12,0,0,0.402895,3
1020,1,20,0.714578,0,0,20,35,50,2.76949,7.83701,8.33408,12,0,0,0.783833,0,0,1
1020,6,120,0.783929,0.190112,0,20,35,50,2.17629,6.42485,7.90827,8,4,0,0.84186,0.389277,0,1
1020,11,220,0.903022,0.343679,0,20,35,50,1.81619,5.29958,7.39739,8,4,0,0.894629,0.473217,0,1
1020,16,320,0.706859,0.566882,0,20,35,50,2.7342,3.77401,7.99365,7,5,0,0.781905,0.596666,0,1
1020,21,420,0.582594,0.85729,0.246013,20,35,50,3.38033,1.02365,5.5187,5,5,2,0.714571,0.779826,0.371735,2
1020,26,520,0.243232,1,0.395656,20,35,50,5.85429,0,4.79576,3,6,3,0.515411,0.85973,0.435463,2
1020,31,620,0.0701438,0.740484,0.647749,20,35,50,7.91861,1.52911,3.12311,3,5,4,0.405053,0.728875,0.583244,2
1020,36,720,0,0.63367,0.897531,20,35,50,8.00233,2.66172,0.757193,0,6,6,0,0.641167,0.738929,3
1020,41,820,0,0.281446,0.974804,20,35,50,7.47457,5.88507,0,0,4,8,0,0.417409,0.775896,3
1020,46,920,0,0.0314756,0.742685,20,35,50,7.51202,7.18155,2.21289,0,0,12,0,0,0.646273,3
1020,51,1020,0,0,0.498285,20,35,50,7.75184,8.35728,4.60939,0,0,12,0,0,0.485051,3
1020,56,1120,0,0,0.321688,20,35,50,7.56039,7.85798,5.35715,0,0,12,0,0,0.406655,3
1021,1,20,0.647051,0,0,20,35,50,2.55091,8.59034,7.65678,12,0,0,0.767151,0,0,1
1021,6,120,0.736278,0.196435,0,20,35,50,2.3696,6.17587,7.95534,8,4,0,0.811849,0.3904,0,1
1021,11,220,0.945903,0.277681,0,20,35,50,0.556522,6.10829,8.2583,8,4,0,0.936147,0.423447,0,1
1021,16,320,0.809268,0.488962,0,20,35,50,1.0643,4.22053,8.34999,7,5,0,0.86977,0.546591,0,1
1021,21,420,0.579965,0.800673,0.185135,20,35,50,3.77519,1.44506,6.3723,5,5,2,0.711911,0.748086,0.312048,2
1021,26,520,0.23377,0.925255,0.311082,20,35,50,6.09848,1.42375,5.33797,3,6,3,0.516981,0.814649,0.395908,2
1021,31,620,0.0372852,0.837928,0.618732,20,35,50,8.38992,1.5384,3.22842,0,7,5,0,0.761529,0.571392,2
1021,36,720,0,0.508871,0.815947,20,35,50,7.12593,4.08269,1.48683,0,5,7,0,0.544063,0.677215,3
1021,41,820,0,0.268836,0.970946,20,35,50,7.51648,6.06186,0.686075,0,4,8,0,0.42041,0.776694,3
1021,46,920,0,0.00570233,0.75086,20,35,50,8.77332,9.27084,1.77485,0,0,12,0,0,0.648963,3
1021,51,1020,0,0,0.566487,20,35,50,8.13338,8.52471,3.37538,0,0,12,0,0,0.539256,3
1021,56,1120,0,0,0.305331,20,35,50,8.39236,7.92865,5.67938,0,0,12,0,0,0.373352,3
1022,1,20,0.634354,0,0,20,35,50,3.35599,8.3386,7.87674,12,0,0,0.745286,0,0,1
1022,6,120,0.75068,0.107905,0,20,35,50,2.44571,6.86081,7.59614,9,3,0,0.804861,0.326546,0,1
1022,11,220,1,0.425248,0,20,35,50,0.447423,4.17349,7.37331,8,4,0,0.959963,0.527796,0,1
1022,16,320,0.667459,0.565857,0,20,35,50,3.2839,4.14376,9.57523,7,5,0,0.756566,0.586261,0,1
1022,21,420,0.526571,0.773766,0.0624034,20,35,50,3.74916,2.22225,7.31282,5,5,2,0.678867,0.720012,0.241183,2
1022,26,520,0.312063,0.943599,0.405809,20,35,50,4.2428,0.590261,4.69974,4,5,3,0.577397,0.823484,0.445648,2
1022,31,620,0,0.66746,0.587588,20,35,50,8.39466,3.18589,2.88107,0,6,6,0,0.648247,0.566851,2
1022,36,720,0,0.502532,0.821781,20,35,50,7.73037,3.96667,1.24113,0,5,7,0,0.564115,0.687198,3
1022,41,820,0,0.25515,1,20,35,50,8.50151,6.11793,0,0,4,8,0,0.413651,0.803668,3
1022,46,920,0,0,0.666227,20,35,50,8.36283,8.04879,3.3035,0,0,12,0,0,0.597074,3
1022,51,1020,0,0,0.569824,20,35,50,7.53133,7.4799,3.18654,0,0,12,0,0,0.55322,3
1022,56,1120,0,0,0.293769,20,35,50,8.20527,7.70579,5.89904,0,0,12,0,0,0.364081,3
1023,1,20,0.678634,0,0,20,35,50,3.0335,7.87904,7.57825,12,0,0,0.758128,0,0,1
1023,6,120,0.796639,0.245525,0,20,35,50,1.03245,6.6986,7.18638,8,4,0,0.857716,0.406822,0,1
1023,11,220,0.925794,0.367262,0,20,35,50,0,5.28935,7.98412,8,4,0,0.932587,0.481037,0,1
1023,16,320,0.753081,0.598887,0,20,35,50,1.96693,3.49228,8.2611,7,5,0,0.831568,0.621486,0,1
1023,21,420,0.521926,0.883186,0.0151892,20,35,50,3.99149,0.794681,8.89908,5,7,0,0.681091,0.796325,0,2
1023,26,520,0.299272,1,0.347047,20,35,50,5.79426,0.414047,4.92411,3,6,3,0.545812,0.854269,0.421534,2
1023,31,620,0.149695,0.691714,0.604515,20,35,50,6.70315,2.58087,3.07042,3,5,4,0.459804,0.680614,0.563312,2
1023,36,720,0,0.579369,0.787132,20,35,50,8.04976,3.51727,2.19728,0,6,6,0,0.618009,0.653782,3
1023,41,820,0,0.401935,0.956074,20,35,50,7.74706,5.0982,0.626276,0,5,7,0,0.489885,0.757489,3
1023,46,920,0,0.138816,0.783354,20,35,50,8.51948,7.27244,1.7691,0,4,8,0,0.345613,0.677766,3
1023,51,1020,0,0,0.479455,20,35,50,8.09018,8.35047,5.80217,0,0,12,0,0,0.445549,3
1023,56,1120,0,0,0.257344,20,35,50,6.58091,7.67217,6.46249,0,0,12,0,0,0.333946,3
1024,1,20,0.703033,0,0,20,35,50,2.07086,8.11025,7.51999,12,0,0,0.783187,0,0,1
1024,6,120,0.776341,0,0,20,35,50,0.921248,7.75184,8.5552,12,0,0,0.839938,0,0,1
1024,11,220,0.968509,0.396377,0,20,35,50,0.547785,5.11806,8.82257,8,4,0,0.94279,0.480279,0,1
1024,16,320,0.748693,0.5857,0,20,35,50,1.73024,2.67291,8.77139,7,5,0,0.816104,0.624934,0,1
1024,21,420,0.514331,0.811024,0.15195,20,35,50,3.70348,1.56229,6.51322,5,5,2,0.683848,0.750572,0.298419,2
1024,26,520,0.374666,0.997013,0.262688,20,35,50,5.86131,0.00648523,5.66778,4,6,2,0.573614,0.869812,0.362437,2
1024,31,620,0,0.837797,0.484166,20,35,50,8.46708,0.23923,3.5678,0,7,5,0,0.790967,0.501177,2
1024,36,720,0,0.481147,0.870326,20,35,50,8.09581,4.34891,0.87903,0,5,7,0,0.550263,0.736278,3
1024,41,820,0,0.258821,0.886351,20,35,50,8.25366,5.72042,1.25968,0,4,8,0,0.420189,0.725316,3
1024,46,920,0,0.12071,0.683326,20,35,50,8.14595,6.90668,2.19731,0,4,8,0,0.343584,0.610751,3
1024,51,1020,0,0,0.522186,20,35,50,8.1218,8.26494,3.61477,0,0,12,0,0,0.503767,3
1024,56,1120,0,0,0.396902,20,35,50,7.75346,8.42076,4.62562,0,0,12,0,0,0.44779,3
1025,1,20,0.656431,0,0,20,35,50,3.36572,8.23544,8.10992,12,0,0,0.750178,0,0,1
1025,6,120,0.850414,0.251625,0,20,35,50,0.0680626,5.67619,7.5962,8,4,0,0.901152,0.41467,0,1
1025,11,220,0.940849,0.330973,0,20,35,50,0.0294181,5.589,7.63266,8,4,0,0.945248,0.463767,0,1
1025,16,320,0.706996,0.673281,0,20,35,50,1.95944,2.26592,8.67737,6,6,0,0.796089,0.695611,0,1
1025,21,420,0.527887,0.845,0.0385942,20,35,50,3.74796,0.814616,7.34178,6,6,0,0.703703,0.78473,0,2
1025,26,520,0.152531,0.976673,0.238292,20,35,50,6.21393,0.618687,6.00844,4,6,2,0.487161,0.835041,0.334474,2
1025,31,620,0.0850605,0.725989,0.64593,20,35,50,7.09607,1.51615,2.87774,3,5,4,0.425198,0.718824,0.584785,2
1025,36,720,0,0.455215,0.874945,20,35,50,8.1304,4.78618,1.23094,0,5,7,0,0.541455,0.714916,3
1025,41,820,0,0.196013,0.903247,20,35,50,8.4471,5.81943,1.22256,0,4,8,0,0.402598,0.7346,3
1025,46,920,0,0.124991,0.717989,20,35,50,8.74572,6.86221,2.42035,0,4,8,0,0.339359,0.627901,3
1025,51,1020,0,0,0.526631,20,35,50,8.01143,8.16875,3.49795,0,0,12,0,0,0.518959,3
1025,56,1120,0,0,0.312782,20,35,50,8.13126,8.59974,5.27769,0,0,12,0,0,0.383459,3
1026,1,20,0.531294,0,0,20,35,50,3.20684,8.46535,7.05703,12,0,0,0.6893,0,0,1
1026,6,120,0.79088,0.2269,0,20,35,50,1.965,6.5643,8.32198,8,4,0,0.842395,0.39825,0,1
1026,11,220,0.89242,0.36203,0,20,35,50,0.97585,4.67073,7.78885,8,4,0,0.891732,0.483573,0,1
1026,16,320,0.727102,0.545494,0,20,35,50,2.13764,4.16351,8.00057,7,5,0,0.801569,0.593305,0,1
1026,21,420,0.474524,0.821244,0.214279,20,35,50,4.02356,1.86624,6.33246,5,5,2,0.662346,0.755566,0.331621,2
1026,26,520,0.254791,0.939256,0.394848,20,35,50,7.07836,0.629744,4.38679,3,6,3,0.513969,0.817986,0.44428,2
1026,31,620,0.0241746,0.710609,0.678829,20,35,50,7.40257,2.0427,1.89138,0,6,6,0,0.698187,0.600805,2
1026,36,720,0,0.525322,0.75254,20,35,50,7.36391,3.29769,1.9994,0,6,6,0,0.589001,0.646992,3
1026,41,820,0,0.301564,1,20,35,50,7.16113,5.4871,0,0,4,8,0,0.454673,0.803521,3
1026,46,920,0,0,0.808354,20,35,50,8.20138,8.23033,1.64494,0,0,12,0,0,0.669978,3
1026,51,1020,0,0,0.457492,20,35,50,7.76526,7.94004,3.78487,0,0,12,0,0,0.478815,3
1026,56,1120,0,0,0.27771,20,35,50,7.76496,8.72641,5.82566,0,0,12,0,0,0.364368,3
1027,1,20,0.578267,0,0,20,35,50,3.07156,8.23716,7.48457,12,0,0,0.717519,0,0,1
1027,6,120,0.735731,0.227657,0,20,35,50,2.98034,5.36428,8.00253,8,4,0,0.792527,0.421302,0,1
1027,11,220,0.995277,0.305565,0,20,35,50,0,5.88092,7.41417,8,4,0,0.977882,0.445039,0,1
1027,16,320,0.718373,0.524615,0,20,35,50,2.52759,4.09248,8.46504,7,5,0,0.798379,0.576809,0,1
1027,21,420,0.591515,0.847011,0.204137,20,35,50,4.29467,0.394225,6.80258,5,5,2,0.708037,0.789521,0.315646,2
1027,26,520,0.276329,0.933826,0.348199,20,35,50,5.90422,1.0028,5.03785,3,6,3,0.540739,0.815844,0.413172,2
1027,31,620,0.102692,0.779873,0.631813,20,35,50,6.78684,2.0388,2.83627,3,5,4,0.43847,0.725195,0.573287,2
1027,36,720,0,0.518841,0.778307,20,35,50,8.76549,3.57268,1.3335,0,6,6,0,0.58848,0.672736,3
1027,41,820,0,0.384653,1,20,35,50,7.53453,4.79574,0.704673,0,4,8,0,0.484472,0.784278,3
1027,46,920,0,0.102895,0.669103,20,35,50,9.24698,7.20638,3.10167,0,4,8,0,0.323859,0.587179,3
1027,51,1020,0,0,0.574949,20,35,50,7.43723,7.34751,4.0605,0,0,12,0,0,0.536228,3
1027,56,1120,0,0,0.293075,20,35,50,7.5113,8.03829,5.56371,0,0,12,0,0,0.367691,3
1028,1,20,0.578543,0,0,20,35,50,3.28337,7.72755,8.01844,12,0,0,0.71487,0,0,1
1028,6,120,0.826418,0.136014,0,20,35,50,1.90008,6.09599,8.0566,9,3,0,0.853648,0.369124,0,1
1028,11,220,0.930403,0.367804,0,20,35,50,1.4548,6.3091,8.312,8,4,0,0.914934,0.455961,0,1
1028,16,320,0.761551,0.632129,0,20,35,50,1.41885,3.43755,7.65425,7,5,0,0.853391,0.637878,0,1
1028,21,420,0.483725,0.802183,0.0577659,20,35,50,4.34494,1.07515,7.25305,5,6,1,0.659563,0.74981,0.24133,2
1028,26,520,0.264359,0.981371,0.358426,20,35,50,6.70876,0,5.89308,3,6,3,0.509169,0.86581,0.404161,2
1028,31,620,0.0392703,0.715573,0.503087,20,35,50,7.23001,3.17192,3.05073,0,7,5,0,0.676446,0.526326,2
1028,36,720,0,0.552015,0.702349,20,35,50,7.70468,4.4001,2.9257,0,6,6,0,0.582378,0.611075,3
1028,41,820,0,0.413097,0.926519,20,35,50,7.81579,5.35798,0.887713,0,5,7,0,0.500348,0.750495,3
1028,46,920,0,0.00763823,0.659863,20,35,50,8.31667,8.08752,3.60681,0,0,12,0,0,0.587524,3
1028,51,1020,0,0,0.461413,20,35,50,8.22296,8.89209,4.07874,0,0,12,0,0,0.481338,3
1028,56,1120,0,0,0.33717,20,35,50,8.49069,9.36414,5.17348,0,0,12,0,0,0.399868,3
1029,1,20,0.685092,0,0,20,35,50,2.16797,8.67194,7.96229,12,0,0,0.789987,0,0,1
1029,6,120,0.805183,0.19081,0,20,35,50,1.75387,6.98439,8.19975,9,3,0,0.847903,0.371573,0,1
1029,11,220,1,0.329604,0,20,35,50,0,4.02001,8.46366,8,4,0,0.97894,0.477923,0,1
1029,16,320,0.67301,0.626449,0,20,35,50,1.73606,2.6859,8.10491,7,5,0,0.791785,0.64246,0,1
1029,21,420,0.609226,0.863935,0.137589,20,35,50,2.58962,1.36342,7.26095,5,5,2,0.72897,0.766288,0.283338,2
1029,26,520,0.336624,1,0.287695,20,35,50,5.65342,0.156509,5.09119,4,6,2,0.559755,0.862434,0.391069,2
1029,31,620,0.0676606,0.778701,0.628527,20,35,50,7.63605,1.31814,2.90206,3,5,4,0.400863,0.74657,0.576065,2
1029,36,720,0,0.519661,0.789859,20,35,50,8.71488,3.75782,1.48719,0,6,6,0,0.577411,0.669763,3
1029,41,820,0,0.184481,0.925019,20,35,50,8.57979,6.29109,0,0,4,8,0,0.380535,0.760194,3
1029,46,920,0,0.0872806,0.842919,20,35,50,7.79943,6.62426,1.06784,0,4,8,0,0.34221,0.714926,3
1029,51,1020,0,0,0.419645,20,35,50,7.0268,8.04206,4.50041,0,0,12,0,0,0.443804,3
1029,56,1120,0,0,0.337177,20,35,50,8.80728,8.99005,6.5249,0,0,12,0,0,0.379434,3
1030,1,20,0.643602,0,0,20,35,50,3.1612,8.33457,7.59143,12,0,0,0.759117,0,0,1
1030,6,120,0.757775,0.141371,0,20,35,50,3.11327,6.34635,8.32163,9,3,0,0.79568,0.349751,0,1
1030,11,220,0.932153,0.287211,0,20,35,50,0,6.05515,7.6484,8,4,0,0.917916,0.427816,0,1
1030,16,320,0.570851,0.592936,0,20,35,50,3.43305,3.45914,8.1313,6,6,0,0.712647,0.629415,0,1
1030,21,420,0.387283,0.834812,0.30292,20,35,50,5.07966,1.16362,5.20094,4,5,3,0.595824,0.781945,0.406584,2
1030,26,520,0.270197,0.929395,0.370725,20,35,50,6.06812,0.109744,4.36875,3,6,3,0.528605,0.829921,0.432813,2
1030,31,620,0.047457,0.785475,0.610529,20,35,50,8.08985,2.04141,3.61501,0,7,5,0,0.719509,0.550359,2
1030,36,720,0,0.594686,0.86583,20,35,50,8.30156,2.89696,1.8882,0,6,6,0,0.632658,0.702431,3
1030,41,820,0,0.267401,0.950914,20,35,50,7.90677,5.46342,0,0,4,8,0,0.427891,0.775144,3
1030,46,920,0,0.0542291,0.761264,20,35,50,7.78152,7.2643,1.78074,0,4,8,0,0.310129,0.663836,3
1030,51,1020,0,0,0.463091,20,35,50,8.16715,7.37275,3.78147,0,0,12,0,0,0.500954,3
1030,56,1120,0,0,0.436243,20,35,50,8.03099,7.65483,4.15671,0,0,12,0,0,0.474971,3
1031,1,20,0.646026,0,0,20,35,50,3.2774,8.21684,8.16714,12,0,0,0.739344,0,0,1
1031,6,120,0.811782,0.161327,0,20,35,50,1.84093,6.4758,8.32333,8,4,0,0.8465,0.37708,0,1
1031,11,220,0.947079,0.341901,0,20,35,50,0,5.54797,7.59781,8,4,0,0.949599,0.467607,0,1
1031,16,320,0.665524,0.606269,0,20,35,50,2.66469,3.28667,8.28653,7,5,0,0.776247,0.615541,0,1
1031,21,420,0.503433,0.788981,0.196117,20,35,50,4.03373,1.70108,6.7652,5,5,2,0.68124,0.731982,0.316227,2
1031,26,520,0.221075,0.900201,0.335973,20,35,50,6.48407,0.90893,5.29589,3,6,3,0.493682,0.808821,0.411613,2
1031,31,620,0.0853578,0.801917,0.554464,20,35,50,7.62656,0.705618,2.65473,3,5,4,0.415313,0.762695,0.554099,2
1031,36,720,0,0.517895,0.793008,20,35,50,7.55052,4.03961,1.71748,0,6,6,0,0.579093,0.67196,3
1031,41,820,0,0.36749,0.880421,20,35,50,7.50069,5.20941,0.631074,0,5,7,0,0.483274,0.717157,3
1031,46,920,0,0.0643022,0.701937,20,35,50,8.18635,7.48218,2.30001,0,4,8,0,0.288051,0.604205,3
1031,51,1020,0,0,0.465985,20,35,50,8.72802,8.7691,4.18016,0,0,12,0,0,0.470477,3
1031,56,1120,0,0,0.282863,20,35,50,8.11768,8.12149,5.25449,0,0,12,0,0,0.378494,3
1032,1,20,0.611568,0,0,20,35,50,3.90704,7.80634,8.30683,12,0,0,0.722292,0,0,1
1032,6,120,0.743866,0.108519,0,20,35,50,2.47617,6.40162,8.91782,9,3,0,0.820054,0.338834,0,1
1032,11,220,0.943202,0.410564,0,20,35,50,0.7283,4.95598,8.44875,8,4,0,0.933065,0.499198,0,1
1032,16,320,0.766353,0.648799,0,20,35,50,1.03712,3.41295,7.34738,7,5,0,0.847227,0.628792,0,1
1032,21,420,0.534776,0.838045,0.188364,20,35,50,3.19116,0.949283,7.74666,5,5,2,0.696048,0.773572,0.295922,2
1032,26,520,0.242603,1,0.441621,20,35,50,5.46953,0.0960087,4.46829,3,6,3,0.521877,0.858333,0.465335,2
1032,31,620,0.0601961,0.770045,0.613085,20,35,50,7.52829,1.85833,3.93081,3,5,4,0.405089,0.723227,0.562652,2
1032,36,720,0,0.49272,0.836766,20,35,50,8.52577,3.83464,1.65829,0,5,7,0,0.561445,0.697397,3
1032,41,820,0,0.233191,0.849705,20,35,50,8.13019,6.16347,1.7145,0,4,8,0,0.405252,0.685111,3
1032,46,920,0,0.154408,0.691793,20,35,50,7.98288,6.27144,2.6539,0,4,8,0,0.351384,0.630003,3
1032,51,1020,0,0,0.474129,20,35,50,7.63107,7.43987,4.19287,0,0,12,0,0,0.487959,3
1032,56,1120,0,0,0.236701,20,35,50,8.17471,7.98373,6.97695,0,0,12,0,0,0.320579,3
1033,1,20,0.635837,0,0,20,35,50,2.7368,8.28682,8.32571,12,0,0,0.754803,0,0,1
1033,6,120,0.737124,0.0892188,0,20,35,50,1.96881,6.63851,6.96646,9,3,0,0.828547,0.326262,0,1
1033,11,220,1,0.269764,0,20,35,50,0,5.25437,7.76854,8,4,0,0.968118,0.445306,0,1
1033,16,320,0.700014,0.684631,0,20,35,50,2.38548,2.51602,7.82268,6,6,0,0.777923,0.677044,0,1
1033,21,420,0.535563,0.713222,0.262958,20,35,50,3.57777,2.13659,6.01953,5,5,2,0.693231,0.710223,0.363739,2
1033,26,520,0.230998,0.97806,0.35684,20,35,50,6.11722,0,5.25507,3,6,3,0.501643,0.856679,0.423477,2
1033,31,620,0.133761,0.835929,0.500148,20,35,50,6.85147,1.13254,3.8225,3,6,3,0.445154,0.773177,0.491059,2
1033,36,720,0,0.586297,0.889382,20,35,50,8.50965,3.32279,1.20433,0,5,7,0,0.618092,0.731644,3
1033,41,820,0,0.274974,0.816481,20,35,50,7.12358,5.14044,1.0096,0,5,7,0,0.446476,0.696264,3
1033,46,920,0,0.0288009,0.727114,20,35,50,7.58305,7.59193,1.70016,0,0,12,0,0,0.639306,3
1033,51,1020,0,0,0.45221,20,35,50,7.59131,7.40615,4.80923,0,0,12,0,0,0.459697,3
1033,56,1120,0,0,0.357548,20,35,50,8.60393,7.48003,4.63531,0,0,12,0,0,0.427067,3
1034,1,20,0.720722,0,0,20,35,50,1.59626,8.23418,7.83025,12,0,0,0.808733,0,0,1
1034,6,120,0.760487,0.158539,0,20,35,50,2.26956,6.28912,7.4132,9,3,0,0.822904,0.353403,0,1
1034,11,220,1,0.416042,0,20,35,50,0,4.88709,8.20797,8,4,0,0.968086,0.513879,0,1
1034,16,320,0.738769,0.667981,0,20,35,50,2.04921,2.55732,8.97167,7,5,0,0.824852,0.664708,0,1
1034,21,420,0.545544,0.811604,0.195719,20,35,50,3.23803,2.1001,7.16372,5,5,2,0.710523,0.743216,0.306959,2
1034,26,520,0.381146,0.978116,0.417217,20,35,50,5.13296,0.283519,4.13122,4,5,3,0.60021,0.847165,0.461567,2
1034,31,620,0,0.718423,0.612553,20,35,50,8.38017,2.35128,3.05132,0,7,5,0,0.696118,0.572207,2
1034,36,720,0,0.585784,0.832236,20,35,50,7.51912,3.90118,0.520842,0,5,7,0,0.600725,0.725419,3
1034,41,820,0,0.288962,0.928551,20,35,50,7.52308,5.76677,1.18082,0,4,8,0,0.438032,0.744137,3
1034,46,920,0,0.0846719,0.658296,20,35,50,8.63044,6.98498,2.52016,0,4,8,0,0.326882,0.605551,3
1034,51,1020,0,0,0.445373,20,35,50,8.21159,8.0092,5.10658,0,0,12,0,0,0.455171,3
1034,56,1120,0,0,0.307341,20,35,50,8.49473,8.31776,6.1599,0,0,12,0,0,0.379085,3
1035,1,20,0.604176,0,0,20,35,50,2.89739,8.02384,8.53756,12,0,0,0.745746,0,0,1
1035,6,120,0.822791,0.147879,0,20,35,50,1.80006,6.52871,8.64703,9,3,0,0.848527,0.345302,0,1
1035,11,220,0.959482,0.370206,0,20,35,50,0.891971,4.34846,8.63108,8,4,0,0.940429,0.502334,0,1
1035,16,320,0.756957,0.649161,0,20,35,50,2.59855,2.18877,7.38922,7,5,0,0.816006,0.670957,0,1
1035,21,420,0.549461,0.922963,0.137343,20,35,50,3.08745,0.228431,6.52342,5,5,2,0.708224,0.823417,0.284655,2
1035,26,520,0.20711,0.888553,0.300448,20,35,50,7.315,1.17237,5.27972,3,6,3,0.496248,0.799441,0.376072,2
1035,31,620,0.174525,0.724951,0.755586,20,35,50,6.66653,2.56151,2.33209,3,5,4,0.45883,0.68725,0.646317,2
1035,36,720,0,0.577603,0.805492,20,35,50,8.17911,3.61904,1.34735,0,6,6,0,0.601025,0.679995,3
1035,41,820,0,0.239172,0.912618,20,35,50,8.19405,6.35434,1.82306,0,4,8,0,0.394023,0.725524,3
1035,46,920,0,0,0.723438,20,35,50,7.53992,8.09186,3.22589,0,0,12,0,0,0.602602,3
1035,51,1020,0,0,0.535962,20,35,50,8.87844,8.18151,3.39523,0,0,12,0,0,0.512522,3
1035,56,1120,0,0,0.301153,20,35,50,8.07747,8.30674,5.23018,0,0,12,0,0,0.393445,3
1036,1,20,0.596708,0,0,20,35,50,2.47508,7.87689,7.42113,12,0,0,0.748457,0,0,1
1036,6,120,0.734283,0.0989457,0,20,35,50,2.74519,5.79851,8.52645,8,4,0,0.788679,0.351325,0,1
1036,11,220,0.977256,0.474765,0,20,35,50,0.551115,4.20381,7.20301,8,4,0,0.946657,0.551151,0,1
1036,16,320,0.642189,0.595788,0,20,35,50,2.7439,2.92169,7.5827,7,5,0,0.756031,0.63584,0,1
1036,21,420,0.481164,0.813077,0.167155,20,35,50,3.65609,1.65655,6.57414,5,5,2,0.659503,0.748441,0.319621,2
1036,26,520,0.274597,0.947554,0.262815,20,35,50,5.35576,0.0844985,5.61648,4,6,2,0.552029,0.84049,0.35828,2
1036,31,620,0,0.744562,0.646683,20,35,50,8.03045,2.74022,2.75464,0,7,5,0,0.710825,0.589714,2
1036,36,720,0,0.456642,0.805146,20,35,50,8.2144,3.86838,1.46566,0,5,7,0,0.538575,0.690076,3
1036,41,820,0,0.364991,1,20,35,50,8.0117,4.94704,0.423269,0,4,8,0,0.479949,0.786039,3
1036,46,920,0,0.0422464,0.777381,20,35,50,8.11868,6.97991,2.47045,0,0,12,0,0,0.647873,3
1036,51,1020,0,0,0.52082,20,35,50,8.58084,7.94457,3.94809,0,0,12,0,0,0.521513,3
1036,56,1120,0,0,0.328195,20,35,50,8.33178,8.21491,5.43206,0,0,12,0,0,0.409251,3
1037,1,20,0.532376,0,0,20,35,50,3.95939,8.16866,7.79543,12,0,0,0.681521,0,0,1
1037,6,120,0.852894,0.14506,0,20,35,50,1.66029,6.85201,7.37923,9,3,0,0.879371,0.353149,0,1
1037,11,220,0.987575,0.450487,0,20,35,50,0.276655,4.96304,8.52406,8,4,0,0.957254,0.513099,0,1
1037,16,320,0.654908,0.514839,0,20,35,50,2.70799,3.83811,6.73133,7,5,0,0.758079,0.561733,0,1
1037,21,420,0.623942,0.790157,0.247675,20,35,50,2.17177,2.3605,6.24058,5,5,2,0.761116,0.722341,0.328037,1
1037,26,520,0.245814,0.968288,0.413103,20,35,50,6.15373,0.311269,4.34223,3,6,3,0.520243,0.847618,0.460098,2
1037,31,620,0.0446366,0.834863,0.604703,20,35,50,7.6491,1.23394,3.72568,0,7,5,0,0.764209,0.564145,2
1037,36,720,0,0.611078,0.759759,20,35,50,8.27928,3.02354,2.13218,0,6,6,0,0.640123,0.639343,2
1037,41,820,0,0.236306,0.857388,20,35,50,7.83723,6.11774,1.43355,0,4,8,0,0.405078,0.71867,3
1037,46,920,0,0.0934014,0.768728,20,35,50,8.65051,6.83807,2.64314,0,4,8,0,0.31817,0.655647,3
1037,51,1020,0,0,0.429134,20,35,50,8.28642,8.20177,4.69409,0,0,12,0,0,0.451131,3
1037,56,1120,0,0,0.360132,20,35,50,7.37341,8.20229,4.10695,0,0,12,0,0,0.430252,3
1038,1,20,0.645797,0,0,20,35,50,3.16765,8.08044,7.93586,12,0,0,0.750831,0,0,1
1038,6,120,0.756402,0.190291,0,20,35,50,1.56885,7.02166,8.81364,9,3,0,0.835836,0.368067,0,1
1038,11,220,0.938235,0.414779,0,20,35,50,0,4.23695,8.35957,8,4,0,0.947181,0.518206,0,1
1038,16,320,0.622626,0.457013,0,20,35,50,2.87325,4.74824,7.91386,7,5,0,0.750452,0.526455,0,1
1038,21,420,0.487414,0.692093,0.147566,20,35,50,3.99429,2.55459,7.28527,5,5,2,0.675435,0.684102,0.277618,2
1038,26,520,0.278805,0.956071,0.393861,20,35,50,5.66406,0.360128,4.23764,3,6,3,0.553006,0.838547,0.450005,2
1038,31,620,0.0433717,0.670624,0.690574,20,35,50,7.45554,1.93493,2.73962,0,6,6,0,0.675489,0.604428,2
1038,36,720,0,0.554964,0.778911,20,35,50,8.05217,3.494,1.42769,0,6,6,0,0.608585,0.68148,3
1038,41,820,0,0.293573,1,20,35,50,8.35969,5.29734,0.60628,0,4,8,0,0.441658,0.777601,3
1038,46,920,0,0,0.775898,20,35,50,8.96967,8.54472,1.35386,0,0,12,0,0,0.669254,3
1038,51,1020,0,0,0.666963,20,35,50,7.71394,8.52926,2.82346,0,0,12,0,0,0.59876,3
1038,56,1120,0,0,0.33274,20,35,50,8.6103,7.67765,5.37515,0,0,12,0,0,0.406871,3
1039,1,20,0.682323,0,0,20,35,50,3.27662,7.95296,8.35878,12,0,0,0.758832,0,0,1
1039,6,120,0.969522,0.135067,0,20,35,50,0,7.06992,7.93985,9,3,0,0.958802,0.335148,0,1
1039,11,220,0.995989,0.506066,0,20,35,50,0.823384,3.97493,8.12764,8,4,0,0.948051,0.571811,0,1
1039,16,320,0.761842,0.564515,0,20,35,50,2.59233,4.25447,9.03428,7,5,0,0.820621,0.590702,0,1
1039,21,420,0.450042,0.937501,0.12162,20,35,50,4.50472,0.293774,7.38112,4,6,2,0.648186,0.839391,0.274226,2
1039,26,520,0.292801,1,0.482528,20,35,50,6.10429,0,4.34959,3,6,3,0.542643,0.863411,0.473911,2
1039,31,620,0.0120032,0.76591,0.635835,20,35,50,7.0061,2.30001,2.22429,0,7,5,0,0.717567,0.60414,2
1039,36,720,0,0.548247,0.767972,20,35,50,8.05788,4.01098,1.56347,0,6,6,0,0.5984,0.672236,3
1039,41,820,0,0.29248,0.948772,20,35,50,7.57589,6.2793,0.552406,0,4,8,0,0.424046,0.745041,3
1039,46,920,0,0.0963115,0.751687,20,35,50,8.22953,7.51958,2.5726,0,4,8,0,0.323788,0.634407,3
1039,51,1020,0,0,0.552541,20,35,50,8.38671,8.89596,4.04616,0,0,12,0,0,0.519089,3
1039,56,1120,0,0,0.204376,20,35,50,7.64109,9.41922,6.71492,0,0,12,0,0,0.325529,3
1040,1,20,0.558521,0,0,20,35,50,3.82052,8.00123,8.15651,12,0,0,0.706366,0,0,1
1040,6,120,0.656519,0.154651,0,20,35,50,3.4959,6.56796,6.9167,8,4,0,0.756457,0.354071,0,1
1040,11,220,0.927032,0.374894,0,20,35,50,0.981954,4.53627,7.98367,8,4,0,0.921585,0.500995,0,1
1040,16,320,0.726307,0.646399,0,20,35,50,1.47003,2.30948,7.85624,7,5,0,0.824324,0.656045,0,1
1040,21,420,0.43188,0.723505,0.110138,20,35,50,5.41115,2.74058,7.85311,5,5,2,0.616884,0.696545,0.248163,2
1040,26,520,0.233087,0.910235,0.42561,20,35,50,6.15147,1.25389,4.4669,3,6,3,0.516275,0.793912,0.469584,2
1040,31,620,0.0463228,0.615031,0.686423,20,35,50,7.45941,3.11476,2.71093,0,6,6,0,0.640694,0.596558,2
1040,36,720,0,0.497568,0.857226,20,35,50,7.3142,3.82151,1.04973,0,5,7,0,0.561707,0.716098,3
1040,41,820,0,0.345646,0.923969,20,35,50,8.09497,5.63652,0.832229,0,5,7,0,0.465937,0.739517,3
1040,46,920,0,0.06092,0.664467,20,35,50,7.59354,7.48694,3.13205,0,4,8,0,0.308247,0.594071,3
1040,51,1020,0,0,0.545834,20,35,50,8.41261,8.28969,3.72375,0,0,12,0,0,0.515488,3
1040,56,1120,0,0,0.301299,20,35,50,7.55908,7.03831,5.53695,0,0,12,0,0,0.385035,3
1041,1,20,0.660623,0,0,20,35,50,2.07819,8.63467,7.54586,12,0,0,0.78521,0,0,1
1041,6,120,0.953141,0.189394,0,20,35,50,0.0909161,6.10548,7.28153,9,3,0,0.945117,0.372871,0,1
1041,11,220,0.96525,0.432587,0,20,35,50,0.155604,4.31267,8.04586,8,4,0,0.950022,0.534803,0,1
1041,16,320,0.689352,0.545926,0,20,35,50,2.45957,3.40754,8.92816,7,5,0,0.792913,0.607757,0,1
1041,21,420,0.522909,0.803731,0.0474165,20,35,50,3.40087,1.98731,8.12829,6,6,0,0.687664,0.720085,0,2
1041,26,520,0.292324,1,0.363668,20,35,50,3.86341,0,4.67574,4,6,2,0.571779,0.865826,0.425224,2
1041,31,620,0.0792762,0.762029,0.566565,20,35,50,6.718,2.80131,3.10174,3,5,4,0.436896,0.694961,0.54662,2
1041,36,720,0,0.340067,0.846503,20,35,50,6.78537,5.30442,0.954281,0,5,7,0,0.46314,0.7111,3
1041,41,820,0,0.34865,0.969051,20,35,50,7.46704,4.58761,0.661584,0,4,8,0,0.469111,0.771164,3
1041,46,920,0,0,0.78593,20,35,50,8.24983,7.87719,1.17752,0,0,12,0,0,0.680922,3
1041,51,1020,0,0,0.471153,20,35,50,8.8541,8.43735,4.71901,0,0,12,0,0,0.470338,3
1041,56,1120,0,0,0.334171,20,35,50,8.43623,9.2419,5.873,0,0,12,0,0,0.397724,3
1042,1,20,0.573375,0,0,20,35,50,3.28756,7.81606,8.31652,12,0,0,0.720128,0,0,1
1042,6,120,0.879452,0.157685,0,20,35,50,1.23084,6.8982,8.96841,9,3,0,0.892733,0.361043,0,1
1042,11,220,0.885353,0.317236,0,20,35,50,1.74296,6.37254,7.83331,8,4,0,0.889055,0.445232,0,1
1042,16,320,0.718133,0.624905,0,20,35,50,2.21981,2.29823,7.33897,7,5,0,0.800104,0.6566,0,1
1042,21,420,0.527607,0.794964,0.0577111,20,35,50,3.20359,2.48795,7.95589,5,6,1,0.708969,0.728901,0.227382,2
1042,26,520,0.290424,0.964303,0.38814,20,35,50,6.42735,0,5.33256,3,6,3,0.540187,0.838143,0.42467,2
1042,31,620,0.0580358,0.788702,0.650356,20,35,50,7.68644,1.42913,3.6618,3,5,4,0.396813,0.733626,0.578879,2
1042,36,720,0,0.414187,0.754854,20,35,50,7.9098,4.13738,1.71011,0,5,7,0,0.522446,0.66052,3
1042,41,820,0,0.19787,0.929307,20,35,50,6.8711,6.6465,1.16754,0,4,8,0,0.365922,0.739076,3
1042,46,920,0,0,0.734092,20,35,50,8.72833,8.19217,1.11661,0,0,12,0,0,0.654533,3
1042,51,1020,0,0,0.568523,20,35,50,8.5521,8.39742,3.59781,0,0,12,0,0,0.547559,3
1042,56,1120,0,0,0.284038,20,35,50,8.23934,8.50605,6.31466,0,0,12,0,0,0.364172,3
1043,1,20,0.621531,0,0,20,35,50,3.63889,7.44762,8.45576,12,0,0,0.720735,0,0,1
1043,6,120,0.831455,0.0819919,0,20,35,50,1.62526,6.65173,7.39784,9,3,0,0.868735,0.324787,0,1
1043,11,220,1,0.357722,0,20,35,50,0.2034,5.46932,8.43638,8,4,0,0.964515,0.464945,0,1
1043,16,320,0.733779,0.578083,0,20,35,50,1.82225,3.05695,8.24443,7,5,0,0.806363,0.617585,0,1
1043,21,420,0.439757,0.849649,0.316025,20,35,50,3.91144,1.40857,5.32764,4,6,2,0.645924,0.777406,0.383378,2
1043,26,520,0.366276,0.887788,0.360729,20,35,50,5.96937,1.32676,4.70559,4,5,3,0.577196,0.785462,0.425338,2
1043,31,620,0.111826,0.714854,0.627445,20,35,50,7.09524,2.58283,2.89825,3,5,4,0.43432,0.666188,0.576793,2
1043,36,720,0,0.549044,0.90207,20,35,50,7.79551,4.07481,1.41083,0,5,7,0,0.576784,0.71524,3
1043,41,820,0,0.251937,0.925192,20,35,50,8.51975,5.79059,0.515781,0,4,8,0,0.42458,0.763402,3
1043,46,920,0,0.0712259,0.799826,20,35,50,7.72732,6.8867,1.03629,0,4,8,0,0.313671,0.693977,3
1043,51,1020,0,0,0.592432,20,35,50,8.28841,7.57483,2.7165,0,0,12,0,0,0.559268,3
1043,56,1120,0,0,0.284022,20,35,50,7.23817,7.64219,6.13803,0,0,12,0,0,0.368618,3
1044,1,20,0.650161,0,0,20,35,50,2.93446,8.68086,7.63222,12,0,0,0.759986,0,0,1
1044,6,120,0.851409,0.218361,0,20,35,50,2.06962,5.96146,7.73995,8,4,0,0.871873,0.400847,0,1
1044,11,220,0.946217,0.385568,0,20,35,50,0,5.07769,7.42952,8,4,0,0.94726,0.496276,0,1
1044,16,320,0.667344,0.597384,0,20,35,50,3.10473,2.79774,8.85575,7,5,0,0.765683,0.64064,0,1
1044,21,420,0.494936,0.84634,0.164774,20,35,50,3.69921,0.719258,6.76308,5,5,2,0.670502,0.776606,0.313198,2
1044,26,520,0.337847,0.900544,0.373407,20,35,50,4.51574,1.14362,5.25356,4,5,3,0.595595,0.814959,0.414134,2
1044,31,620,0,0.784673,0.563425,20,35,50,7.59297,1.72604,4.1486,0,7,5,0,0.738836,0.512372,2
1044,36,720,0,0.567123,0.800315,20,35,50,8.02879,2.50602,1.40721,0,6,6,0,0.60655,0.677191,3
1044,41,820,0,0.125639,0.916289,20,35,50,7.55125,7.54976,0,0,3,9,0,0.323944,0.775062,3
1044,46,920,0,0.052029,0.656208,20,35,50,7.31027,8.09444,3.57583,0,4,8,0,0.282425,0.576,3
1044,51,1020,0,0,0.397885,20,35,50,7.75956,7.62619,5.13493,0,0,12,0,0,0.427956,3
1044,56,1120,0,0,0.214225,20,35,50,7.04369,8.98493,5.77372,0,0,12,0,0,0.326719,3
1045,1,20,0.505188,0,0,20,35,50,3.07446,8.51268,7.97373,12,0,0,0.68935,0,0,1
1045,6,120,0.870438,0.275067,0,20,35,50,0.93555,5.64978,7.17088,8,4,0,0.898217,0.430837,0,1
1045,11,220,0.98137,0.375534,0,20,35,50,0,5.42892,7.08392,8,4,0,0.960892,0.490545,0,1
1045,16,320,0.688318,0.639042,0,20,35,50,2.77077,2.20201,9.44936,7,5,0,0.784387,0.651811,0,1
1045,21,420,0.482733,0.806767,0.168874,20,35,50,3.35584,1.46659,6.96805,5,5,2,0.684792,0.756242,0.284537,2
1045,26,520,0.249534,0.937319,0.333316,20,35,50,5.71624,1.04276,5.29816,4,6,2,0.539856,0.824343,0.388151,2
1045,31,620,0.16022,0.757718,0.58401,20,35,50,6.14009,1.21008,4.20328,3,5,4,0.467749,0.73512,0.54583,2
1045,36,720,0,0.563954,0.813823,20,35,50,8.42025,3.15028,0.949493,0,6,6,0,0.609348,0.692659,3
1045,41,820,0,0.287372,0.884633,20,35,50,6.75377,6.43836,0.158189,0,4,8,0,0.42932,0.744161,3
1045,46,920,0,0.0991824,0.845379,20,35,50,7.97437,7.28157,0.605077,0,3,9,0,0.310826,0.732001,3
1045,51,1020,0,0,0.501432,20,35,50,7.86404,8.02678,4.25276,0,0,12,0,0,0.498056,3
1045,56,1120,0,0,0.295785,20,35,50,8.28703,8.13507,5.60842,0,0,12,0,0,0.367772,3
1046,1,20,0.572569,0,0,20,35,50,2.73486,8.68802,7.68339,12,0,0,0.741868,0,0,1
1046,6,120,0.792213,0.141092,0,20,35,50,1.92233,7.08065,8.20713,9,3,0,0.830063,0.352231,0,1
1046,11,220,0.949962,0.427851,0,20,35,50,0,4.30274,7.84751,8,4,0,0.946317,0.528239,0,1
1046,16,320,0.851145,0.667202,0,20,35,50,0.92553,2.72616,8.40406,7,5,0,0.887055,0.64974,0,1
1046,21,420,0.524988,0.834808,0.176873,20,35,50,4.2074,0.631054,6.53478,5,5,2,0.673264,0.786868,0.314077,2
1046,26,520,0.352687,1,0.349534,20,35,50,5.54782,0.682823,5.47169,4,6,2,0.578436,0.860323,0.405922,2
1046,31,620,0.139218,0.660729,0.591846,20,35,50,7.49704,2.71841,3.90251,3,5,4,0.433322,0.655878,0.546459,2
1046,36,720,0,0.530255,0.860737,20,35,50,7.77281,3.86089,1.34348,0,5,7,0,0.58689,0.706719,3
1046,41,820,0,0.173743,0.899529,20,35,50,7.66848,6.66322,1.23836,0,4,8,0,0.383382,0.727044,3
1046,46,920,0,0.15867,0.749599,20,35,50,7.89064,6.52706,1.49494,0,4,8,0,0.361931,0.668535,3
1046,51,1020,0,0,0.541022,20,35,50,7.09679,8.07186,3.98746,0,0,12,0,0,0.515688,3
1046,56,1120,0,0,0.366944,20,35,50,9.01121,7.96854,5.67797,0,0,12,0,0,0.40085,3
1047,1,20,0.637833,0,0,20,35,50,3.03151,7.5673,8.30223,12,0,0,0.739325,0,0,1
1047,6,120,0.791179,0.144015,0,20,35,50,1.42037,7.21061,7.83985,9,3,0,0.857035,0.342452,0,1
1047,11,220,0.960829,0.388852,0,20,35,50,0.787821,4.71463,7.91355,8,4,0,0.928243,0.491067,0,1
1047,16,320,0.687633,0.602387,0,20,35,50,2.99541,3.90649,8.06447,7,5,0,0.772333,0.615008,0,1
1047,21,420,0.630785,0.823476,0.111349,20,35,50,3.08848,1.46284,6.31434,5,5,2,0.740867,0.759693,0.267717,2
1047,26,520,0.382795,0.843219,0.351515,20,35,50,5.11625,1.74695,4.30861,4,5,3,0.592168,0.766583,0.422571,2
1047,31,620,0.219109,0.81583,0.672062,20,35,50,6.60682,0.720344,3.4029,3,5,4,0.497742,0.776187,0.596702,2
1047,36,720,0,0.497602,0.769638,20,35,50,7.87537,3.74195,1.49799,0,5,7,0,0.57347,0.672122,3
1047,41,820,0,0.303772,0.910993,20,35,50,7.73996,5.64045,1.44972,0,4,8,0,0.445092,0.724866,3
1047,46,920,0,0,0.754878,20,35,50,7.66807,7.81421,1.358,0,0,12,0,0,0.669229,3
1047,51,1020,0,0,0.601219,20,35,50,9.03393,8.10486,2.64958,0,0,12,0,0,0.573198,3
1047,56,1120,0,0,0.300538,20,35,50,7.17994,8.04908,5.98518,0,0,12,0,0,0.376875,3
1048,1,20,0.651139,0,0,20,35,50,3.01097,7.69729,8.46047,12,0,0,0.753419,0,0,1
1048,6,120,0.758292,0.217394,0,20,35,50,2.06817,6.49601,7.83304,8,4,0,0.813908,0.383266,0,1
1048,11,220,1,0.389876,0,20,35,50,0,5.25888,7.90686,8,4,0,0.975399,0.483312,0,1
1048,16,320,0.769789,0.635968,0,20,35,50,1.83541,3.12107,7.90478,7,5,0,0.821597,0.646783,0,1
1048,21,420,0.49781,0.825489,0.0593914,20,35,50,5.21672,1.27725,7.28233,4,6,2,0.635826,0.774211,0.259452,2
1048,26,520,0.29794,0.937902,0.380656,20,35,50,5.56404,0.932101,4.44027,4,5,3,0.561376,0.824842,0.441389,2
1048,31,620,0.211812,0.636867,0.698501,20,35,50,6.21534,2.85648,1.92078,3,5,4,0.495347,0.644963,0.636599,2
1048,36,720,0,0.554644,0.796855,20,35,50,8.00353,2.75843,2.26369,0,6,6,0,0.615815,0.678175,3
1048,41,820,0,0.241165,0.910698,20,35,50,7.9755,5.87764,1.01816,0,4,8,0,0.422852,0.752519,3
1048,46,920,0,0.0385841,0.859959,20,35,50,8.0476,8.15942,1.27104,0,0,12,0,0,0.702222,3
1048,51,1020,0,0,0.566152,20,35,50,8.07275,8.65556,3.70909,0,0,12,0,0,0.537401,3
1048,56,1120,0,0,0.355279,20,35,50,7.24635,8.2027,5.78306,0,0,12,0,0,0.397554,3
1049,1,20,0.594926,0,0,20,35,50,2.76719,8.21163,7.96024,12,0,0,0.739682,0,0,1
1049,6,120,0.874094,0.176555,0,20,35,50,1.09941,6.54207,7.89312,9,3,0,0.896337,0.359033,0,1
1049,11,220,0.915161,0.385992,0,20,35,50,0.716035,5.03903,9.08094,8,4,0,0.913034,0.505133,0,1
1049,16,320,0.739994,0.636363,0,20,35,50,2.34515,3.18961,6.78289,7,5,0,0.816743,0.65065,0,1
1049,21,420,0.574158,0.780559,0.0615507,20,35,50,2.98046,1.62829,7.41747,5,5,2,0.710485,0.730665,0.251714,2
1049,26,520,0.221092,1,0.409347,20,35,50,6.17051,0.422048,4.59871,3,6,3,0.514584,0.854672,0.438549,2
1049,31,620,0,0.635833,0.660107,20,35,50,7.92986,3.12317,2.26658,0,6,6,0,0.645549,0.602728,2
1049,36,720,0,0.554108,0.791585,20,35,50,7.49077,3.97478,1.54937,0,6,6,0,0.592832,0.680754,3
1049,41,820,0,0.262048,0.986111,20,35,50,9.06381,6.14889,0.811704,0,4,8,0,0.414122,0.775337,3
1049,46,920,0,0.0866256,0.598691,20,35,50,7.54347,7.36799,3.47986,0,4,8,0,0.3081,0.55689,3
1049,51,1020,0,0,0.576326,20,35,50,7.28125,7.89607,3.13307,0,0,12,0,0,0.545445,3
1049,56,1120,0,0,0.367094,20,35,50,7.89859,7.92371,5.22412,0,0,12,0,0,0.421876,3
1050,1,20,0.549458,0,0,20,35,50,3.55335,8.33827,8.34057,12,0,0,0.699754,0,0,1
1050,6,120,0.736271,0.180385,0,20,35,50,1.88774,5.67424,7.50508,8,4,0,0.811809,0.404805,0,1
1050,11,220,1,0.384022,0,20,35,50,0,4.73377,7.04465,8,4,0,0.964904,0.499506,0,1
1050,16,320,0.713747,0.610861,0,20,35,50,1.86151,3.19345,7.95845,7,5,0,0.814354,0.626681,0,1
1050,21,420,0.470971,0.822675,0.0753371,20,35,50,3.99355,1.70498,6.942,5,5,2,0.642779,0.74808,0.252842,2
1050,26,520,0.272633,0.915926,0.334209,20,35,50,6.2857,0.545924,5.96968,4,6,2,0.528049,0.82327,0.389491,2
1050,31,620,0.10442,0.727866,0.563323,20,35,50,7.43334,1.5604,4.22979,3,5,4,0.42395,0.724346,0.538763,2
1050,36,720,0,0.649369,0.761518,20,35,50,8.13329,3.23218,2.05946,0,6,6,0,0.65141,0.637557,2
1050,41,820,0,0.35426,0.859295,20,35,50,8.34842,4.91163,0.426985,0,5,7,0,0.491615,0.727426,3
1050,46,920,0,0.0500821,0.719617,20,35,50,7.43513,7.68138,2.55349,0,4,8,0,0.31249,0.62679,3
1050,51,1020,0,0,0.512625,20,35,50,8,8.38879,4.56242,0,0,12,0,0,0.503673,3
1050,56,1120,0,0,0.273335,20,35,50,7.88972,7.96588,5.83054,0,0,12,0,0,0.368476,3
1051,1,20,0.562002,0,0,20,35,50,2.80654,7.80518,8.13847,12,0,0,0.707482,0,0,1
1051,6,120,0.969545,0.094841,0,20,35,50,0.393492,6.76055,7.49665,9,3,0,0.961076,0.318028,0,1
1051,11,220,0.952877,0.309694,0,20,35,50,0.0766828,5.3511,7.91789,8,4,0,0.956627,0.457891,0,1
1051,16,320,0.772254,0.535969,0,20,35,50,2.34219,3.98469,8.37861,7,5,0,0.811668,0.572082,0,1
1051,21,420,0.531488,0.739516,0.130587,20,35,50,3.48662,1.24191,7.0768,5,5,2,0.691502,0.712407,0.27845,2
1051,26,520,0.222847,0.939566,0.335039,20,35,50,6.74758,0.23575,5.71074,3,6,3,0.490379,0.826638,0.39393,2
1051,31,620,0,0.743124,0.683317,20,35,50,7.05539,2.40159,2.19989,0,6,6,0,0.707252,0.615727,2
1051,36,720,0,0.542532,0.796685,20,35,50,7.69786,3.68496,1.31515,0,6,6,0,0.595519,0.667986,3
1051,41,820,0,0.357721,0.930902,20,35,50,8.23195,4.75148,0,0,5,7,0,0.483043,0.769983,3
1051,46,920,0,0.0148288,0.737609,20,35,50,7.64225,8.90841,2.56534,0,0,12,0,0,0.63203,3
1051,51,1020,0,0,0.514022,20,35,50,7.15997,8.35226,3.89528,0,0,12,0,0,0.501834,3
1051,56,1120,0,0,0.252087,20,35,50,7.75417,8.11728,6.36135,0,0,12,0,0,0.349228,3
1052,1,20,0.598997,0,0,20,35,50,3.26446,7.60769,8.28979,12,0,0,0.73178,0,0,1
1052,6,120,0.783375,0.120974,0,20,35,50,1.92947,7.38525,7.51002,9,3,0,0.833269,0.313683,0,1
1052,11,220,0.98664,0.281247,0,20,35,50,0.315886,5.30625,8.22398,8,4,0,0.959913,0.434416,0,1
1052,16,320,0.74153,0.594579,0,20,35,50,1.14957,2.49636,7.95743,7,5,0,0.826645,0.642504,0,1
1052,21,420,0.545609,0.882481,0.178658,20,35,50,3.27919,0.41036,6.80117,5,5,2,0.687661,0.795269,0.300427,2
1052,26,520,0.348606,0.835599,0.403513,20,35,50,4.37191,1.23462,3.74425,4,5,3,0.578692,0.770804,0.474198,2
1052,31,620,0.0146222,0.806092,0.61808,20,35,50,8.1932,0.902072,3.49862,0,7,5,0,0.756492,0.560647,2
1052,36,720,0,0.434003,0.846479,20,35,50,8.06273,4.23892,0.538107,0,5,7,0,0.523346,0.7349,3
1052,41,820,0,0.325527,0.803528,20,35,50,8.5735,6.88326,2.86284,0,5,7,0,0.43623,0.6566,3
1052,46,920,0,0.148972,0.682359,20,35,50,8.22296,7.31091,2.83164,0,4,8,0,0.350415,0.57811,3
1052,51,1020,0,0,0.552219,20,35,50,7.74116,7.88754,3.47869,0,0,12,0,0,0.53855,3
1052,56,1120,0,0,0.330047,20,35,50,8.75231,8.3107,4.66956,0,0,12,0,0,0.406223,3
1053,1,20,0.616274,0,0,20,35,50,2.75956,8.04515,7.80481,12,0,0,0.749171,0,0,1
1053,6,120,0.836803,0.144064,0,20,35,50,0.809596,6.81471,7.91391,9,3,0,0.884264,0.358891,0,1
1053,11,220,0.963237,0.276559,0,20,35,50,0.277986,5.90676,7.85944,9,3,0,0.94977,0.419809,0,1
1053,16,320,0.69828,0.600205,0,20,35,50,2.98964,2.82828,7.63188,7,5,0,0.779189,0.638434,0,1
1053,21,420,0.450763,0.840515,0.151951,20,35,50,4.54866,1.52884,6.32525,5,5,2,0.65024,0.759113,0.298904,2
1053,26,520,0.366745,0.984889,0.482492,20,35,50,4.81003,0.691732,3.8326,4,5,3,0.587986,0.841911,0.489541,2
1053,31,620,0.0161413,0.766977,0.546814,20,35,50,7.9347,1.63611,2.53881,0,7,5,0,0.731121,0.548974,2
1053,36,720,0,0.454618,0.727136,20,35,50,7.72031,4.57422,3.15174,0,6,6,0,0.535969,0.616745,3
1053,41,820,0,0.252158,0.962416,20,35,50,8.21382,5.63445,0.619134,0,4,8,0,0.42256,0.760927,3
1053,46,920,0,0.131159,0.632672,20,35,50,7.57382,5.99455,2.92199,0,4,8,0,0.359801,0.580502,3
1053,51,1020,0,0,0.578777,20,35,50,8.16051,7.82366,4.7684,0,0,12,0,0,0.509145,3
1053,56,1120,0,0,0.285543,20,35,50,7.15762,7.92222,6.71234,0,0,12,0,0,0.352593,3
1054,1,20,0.656036,0,0,20,35,50,3.25878,8.67801,7.99755,12,0,0,0.75105,0,0,1
1054,6,120,0.715537,0.0569849,0,20,35,50,2.88939,7.60554,7.98408,9,3,0,0.784861,0.305273,0,1
1054,11,220,0.972322,0.368675,0,20,35,50,0,4.94433,8.26528,8,4,0,0.952988,0.488881,0,1
1054,16,320,0.699044,0.594791,0,20,35,50,2.64289,3.35686,7.73241,7,5,0,0.791963,0.612427,0,1
1054,21,420,0.511588,0.832584,0.176908,20,35,50,3.64487,1.31556,6.83728,5,5,2,0.67621,0.7677,0.313393,2
1054,26,520,0.281454,0.937336,0.48595,20,35,50,5.74878,0.143412,4.69556,3,6,3,0.531541,0.846263,0.482804,2
1054,31,620,0.105583,0.736379,0.559996,20,35,50,6.97094,1.80021,3.92597,3,5,4,0.433181,0.715098,0.516175,2
1054,36,720,0,0.462453,0.845837,20,35,50,8.28915,5.23982,1.7552,0,5,7,0,0.535659,0.697175,3
1054,41,820,0,0.367282,0.89404,20,35,50,7.87014,4.74824,1.46463,0,5,7,0,0.488889,0.719557,3
1054,46,920,0,0.13297,0.705476,20,35,50,8.03352,6.88696,3.5136,0,4,8,0,0.354925,0.609157,3
1054,51,1020,0,0,0.502763,20,35,50,7.85625,7.95577,4.72651,0,0,12,0,0,0.502506,3
1054,56,1120,0,0,0.334068,20,35,50,8.0055,8.09082,4.73638,0,0,12,0,0,0.412783,3
1055,1,20,0.64842,0,0,20,35,50,3.12921,7.839,7.93001,12,0,0,0.766648,0,0,1
1055,6,120,0.876174,0.0134136,0,20,35,50,0.921993,8.67359,8.18285,12,0,0,0.89041,0,0,1
1055,11,220,0.862336,0.393455,0,20,35,50,0.552364,5.26822,7.9104,8,4,0,0.891804,0.498882,0,1
1055,16,320,0.831883,0.683367,0,20,35,50,1.22386,2.98833,8.00934,7,5,0,0.862981,0.658634,0,1
1055,21,420,0.416248,0.794083,0.150896,20,35,50,3.7313,1.5532,6.87419,5,5,2,0.637607,0.737079,0.290174,2
1055,26,520,0.219084,0.96442,0.335087,20,35,50,6.41956,1.22682,4.91809,3,6,3,0.49087,0.814567,0.412246,2
1055,31,620,0,0.761639,0.666524,20,35,50,8.25461,2.69253,3.187,0,7,5,0,0.697835,0.589438,2
1055,36,720,0,0.531358,0.881378,20,35,50,8.18515,3.78336,1.43861,0,5,7,0,0.585691,0.725401,3
1055,41,820,0,0.319488,0.888442,20,35,50,8.30571,6.14017,1.04095,0,4,8,0,0.450136,0.732123,3
1055,46,920,0,0.109971,0.690249,20,35,50,8.62445,6.86062,2.46428,0,4,8,0,0.345482,0.609326,3
1055,51,1020,0,0,0.501288,20,35,50,7.64056,7.81693,3.70566,0,0,12,0,0,0.5072,3
1055,56,1120,0,0,0.293708,20,35,50,6.8521,7.20112,5.26236,0,0,12,0,0,0.386964,3
1056,1,20,0.606213,0,0,20,35,50,3.01507,8.09908,8.36234,12,0,0,0.73694,0,0,1
1056,6,120,0.860255,0.288491,0,20,35,50,0.779647,5.75225,9.06545,8,4,0,0.896175,0.446436,0,1
1056,11,220,0.957064,0.24872,0,20,35,50,0.850916,5.85016,7.96216,9,3,0,0.940554,0.411735,0,1
1056,16,320,0.641566,0.622172,0,20,35,50,2.97285,1.62339,8.19688,6,6,0,0.74935,0.647304,0,1
1056,21,420,0.45654,0.874837,0.117058,20,35,50,3.72107,1.5959,6.68775,4,6,2,0.641517,0.790215,0.273899,2
1056,26,520,0.254812,0.880875,0.368433,20,35,50,6.80047,0.493836,4.76782,3,6,3,0.500267,0.808228,0.413524,2
1056,31,620,0.0918637,0.794543,0.649826,20,35,50,6.25767,2.6519,2.86492,3,5,4,0.440998,0.737891,0.587442,2
1056,36,720,0,0.504091,0.719154,20,35,50,7.05957,3.78055,1.85572,0,6,6,0,0.565757,0.645084,3
1056,41,820,0,0.30571,0.895757,20,35,50,7.76428,6.57511,1.02679,0,4,8,0,0.420035,0.73766,3
1056,46,920,0,0.110245,0.720776,20,35,50,7.68528,6.32709,2.10844,0,4,8,0,0.344747,0.641163,3
1056,51,1020,0,0,0.426279,20,35,50,7.90316,8.25059,4.3964,0,0,12,0,0,0.453088,3
1056,56,1120,0,0,0.387769,20,35,50,7.37808,7.8816,4.86132,0,0,12,0,0,0.429324,3
1057,1,20,0.611261,0,0,20,35,50,3.73604,7.84872,8.83495,12,0,0,0.72929,0,0,1
1057,6,120,0.862095,0.132682,0,20,35,50,0.753704,8.02386,8.3045,9,3,0,0.888795,0.33301,0,1
1057,11,220,0.958816,0.302127,0,20,35,50,0.0393217,6.32984,7.30368,8,4,0,0.93638,0.436941,0,1
1057,16,320,0.706421,0.570999,0,20,35,50,1.26926,3.59635,7.90702,7,5,0,0.811755,0.592353,0,1
1057,21,420,0.531883,0.810511,0.0303185,20,35,50,4.51225,1.53956,7.64141,6,6,0,0.675583,0.759209,0,2
1057,26,520,0.309907,0.965117,0.372845,20,35,50,5.22699,0.205779,5.15814,3,6,3,0.560634,0.848885,0.423741,2
1057,31,620,0.0323751,0.693787,0.538466,20,35,50,7.16342,3.03583,3.26125,0,7,5,0,0.683509,0.539196,2
1057,36,720,0,0.608706,0.88566,20,35,50,7.99284,2.88418,1.60024,0,6,6,0,0.64398,0.714006,3
1057,41,820,0,0.358665,0.921683,20,35,50,8.4712,5.3886,0,0,5,7,0,0.479007,0.755141,3
1057,46,920,0,0.234042,0.647465,20,35,50,7.89521,5.87737,3.32197,0,5,7,0,0.406415,0.586465,3
1057,51,1020,0,0,0.499674,20,35,50,8.2845,8.72383,4.81756,0,0,12,0,0,0.490477,3
1057,56,1120,0,0,0.239954,20,35,50,7.54383,8.07037,6.37912,0,0,12,0,0,0.342638,3
1058,1,20,0.594426,0,0,20,35,50,3.1144,7.56077,7.72039,12,0,0,0.723718,0,0,1
1058,6,120,0.894238,0.0247588,0,20,35,50,0.718676,8.71142,8.168,12,0,0,0.907321,0,0,1
1058,11,220,0.971536,0.294518,0,20,35,50,0,5.34514,8.04176,8,4,0,0.970843,0.456229,0,1
1058,16,320,0.652246,0.596254,0,20,35,50,2.81758,2.58893,8.10688,7,5,0,0.758101,0.633489,0,1
1058,21,420,0.495649,0.92171,0.143258,20,35,50,4.56467,0.781264,6.21926,4,6,2,0.653549,0.809305,0.304586,2
1058,26,520,0.252348,0.965999,0.408235,20,35,50,5.53972,0.0707212,4.25959,3,6,3,0.531882,0.844954,0.457965,2
1058,31,620,0.171483,0.672578,0.659034,20,35,50,6.60373,2.54411,2.55324,3,5,4,0.481834,0.672328,0.60525,2
1058,36,720,0,0.402848,0.849501,20,35,50,8.18355,4.27317,1.62574,0,5,7,0,0.520023,0.70039,3
1058,41,820,0,0.238239,1,20,35,50,7.398,6.93917,0,0,4,8,0,0.387746,0.803856,3
1058,46,920,0,0.0488658,0.798964,20,35,50,8.14003,8.10024,1.16697,0,0,12,0,0,0.67654,3
1058,51,1020,0,0,0.494076,20,35,50,8.59459,9.2535,3.86349,0,0,12,0,0,0.498334,3
1058,56,1120,0,0,0.286925,20,35,50,7.92641,7.85521,5.35759,0,0,12,0,0,0.388821,3
1059,1,20,0.584296,0,0,20,35,50,4.15548,7.78399,7.56451,12,0,0,0.707629,0,0,1
1059,6,120,0.830208,0.104129,0,20,35,50,0.756642,7.8462,7.42801,9,3,0,0.879067,0.318052,0,1
1059,11,220,1,0.34327,0,20,35,50,0.400107,5.42809,7.63786,8,4,0,0.974065,0.467728,0,1
1059,16,320,0.719669,0.571262,0,20,35,50,2.75218,2.96694,8.29689,7,5,0,0.78721,0.608276,0,1
1059,21,420,0.603107,0.827996,0.12766,20,35,50,4.22761,1.89001,7.41119,5,5,2,0.703676,0.74678,0.265018,2
1059,26,520,0.216065,0.928729,0.446654,20,35,50,6.29219,0.255447,4.29856,3,6,3,0.50513,0.821428,0.467176,2
1059,31,620,0.0874921,0.720118,0.553697,20,35,50,7.73455,2.39391,3.46339,3,5,4,0.423571,0.686988,0.5293,2
1059,36,720,0,0.452877,0.787673,20,35,50,7.94873,4.25249,0.554743,0,5,7,0,0.549394,0.686051,3
1059,41,820,0,0.18022,1,20,35,50,8.32441,6.57453,0,0,4,8,0,0.384545,0.793336,3
1059,46,920,0,0.0466852,0.816897,20,35,50,7.87461,7.94789,2.37311,0,0,12,0,0,0.678024,3
1059,51,1020,0,0,0.569883,20,35,50,9.13077,8.16163,3.74667,0,0,12,0,0,0.530568,3
1059,56,1120,0,0,0.253439,20,35,50,7.03148,7.64335,6.49168,0,0,12,0,0,0.347842,3
1060,1,20,0.505966,0,0,20,35,50,3.25472,7.8613,7.18747,12,0,0,0.695327,0,0,1
1060,6,120,0.820237,0.161984,0,20,35,50,1.38044,7.62942,8.0876,9,3,0,0.862469,0.35367,0,1
1060,11,220,0.98308,0.285977,0,20,35,50,0,6.22508,8.44961,8,4,0,0.951215,0.424276,0,1
1060,16,320,0.700592,0.470197,0,20,35,50,2.3859,4.14261,7.65094,7,5,0,0.7968,0.550779,0,1
1060,21,420,0.489236,0.868198,0.0435041,20,35,50,3.38681,0.679952,7.26467,6,6,0,0.699125,0.795806,0,2
1060,26,520,0.312343,0.92777,0.491206,20,35,50,6.22097,0,4.49023,3,6,3,0.552883,0.838158,0.489639,2
1060,31,620,0.0772831,0.642571,0.491993,20,35,50,7.87377,3.02409,4.16597,3,5,4,0.407661,0.646582,0.478288,2
1060,36,720,0,0.549449,0.830154,20,35,50,8.29914,3.12591,0.868645,0,6,6,0,0.608874,0.708602,3
1060,41,820,0,0.281369,0.901268,20,35,50,8.17753,5.43719,0.810745,0,4,8,0,0.45326,0.730432,3
1060,46,920,0,0.0941804,0.631785,20,35,50,8.13863,7.08327,3.01537,0,4,8,0,0.338605,0.580828,3
1060,51,1020,0,0,0.538116,20,35,50,8.11666,7.78003,3.07011,0,0,12,0,0,0.54511,3
1060,56,1120,0,0,0.285398,20,35,50,7.78215,8.73874,5.52084,0,0,12,0,0,0.370572,3
